{
    "Entry Name": "BEN_P00734", 
    "Structures": [
        {
            "Ligand ID": "BEN",
            "Chain": "H",
            "Binding Affinity": [
                {
                    "Source": "-",
                    "Affinity": "-"
                }
            ],
            "Molecular Weight": 120.15,
            "Residue ID": 2001,
            "PDB ID": "3P70"
        },
        {
            "Ligand ID": "MVF",
            "Chain": "B",
            "Binding Affinity": [
                {
                    "Source": "BINDINGMOAD",
                    "Affinity": "Ki = 4.29 nM"
                },
                {
                    "Source": "PDBBIND",
                    "Affinity": "Ki = 4.29 nM"
                }
            ],
            "Molecular Weight": 428.53,
            "Residue ID": 1287,
            "PDB ID": "4BAO"
        },
        {
            "Ligand ID": "MEL",
            "Chain": "B",
            "Binding Affinity": [
                {
                    "Source": "BINDINGMOAD",
                    "Affinity": "Ki = 2.01 nM"
                },
                {
                    "Source": "PDBBIND",
                    "Affinity": "Ki = 2.01 nM"
                }
            ],
            "Molecular Weight": 429.51,
            "Residue ID": 1291,
            "PDB ID": "4BAH"
        },
        {
            "Ligand ID": "M6S",
            "Chain": "B",
            "Binding Affinity": [
                {
                    "Source": "BINDINGMOAD",
                    "Affinity": "Ki = 2.43 nM"
                },
                {
                    "Source": "PDBBIND",
                    "Affinity": "Ki = 2.43 nM"
                }
            ],
            "Molecular Weight": 442.55,
            "Residue ID": 1287,
            "PDB ID": "4BAN"
        },
        {
            "Ligand ID": "M4Z",
            "Chain": "B",
            "Binding Affinity": [
                {
                    "Source": "BINDINGMOAD",
                    "Affinity": "Ki = 0.98 nM"
                },
                {
                    "Source": "PDBBIND",
                    "Affinity": "Ki = 0.98 nM"
                }
            ],
            "Molecular Weight": 456.58,
            "Residue ID": 1287,
            "PDB ID": "4BAQ"
        },
        {
            "Ligand ID": "MM9",
            "Chain": "B",
            "Binding Affinity": [
                {
                    "Source": "BINDINGMOAD",
                    "Affinity": "Ki = 1.14 nM"
                },
                {
                    "Source": "PDBBIND",
                    "Affinity": "Ki = 1.14 nM"
                }
            ],
            "Molecular Weight": 456.58,
            "Residue ID": 1287,
            "PDB ID": "4BAM"
        },
        {
            "Ligand ID": "M67",
            "Chain": "B",
            "Binding Affinity": [
                {
                    "Source": "BINDINGMOAD",
                    "Affinity": "Ki = 1.22 nM"
                },
                {
                    "Source": "PDBBIND",
                    "Affinity": "Ki = 1.22 nM"
                }
            ],
            "Molecular Weight": 470.61,
            "Residue ID": 1287,
            "PDB ID": "4BAK"
        }
    ],
    "Substructure Relationships": [
        [
            "MEL"
        ],
        [
            "MVF",
            "M6S",
            "MM9"
        ],
        [
            "MVF",
            "M6S",
            "M4Z",
            "M67"
        ]
    ],
    "Summary: {
        "UniProt Accession": "P00734",
        "Fragment SMILES": "[H]/N=C(\\c1ccccc1)/N",
        "Number of Ligands": 6,
        "UniProt Name": "Prothrombin",
        "Fragment Name": "BENZAMIDINE",
        "Fragment ID": "BEN"
    }
}