{
    "Entry Name": "RCO_P00918", 
    "Structures": [
        {
            "Ligand ID": "RCO",
            "Chain": "A",
            "Binding Affinity": [
                {
                    "Source": "BINDINGDB",
                    "Affinity": "Ki = 7700 - 9400 nM "
                },
                {
                    "Source": "BINDINGMOAD",
                    "Affinity": "Ki = 7700 nM"
                }
            ],
            "Molecular Weight": 110.11,
            "Residue ID": 305,
            "PDB ID": "4E49"
        },
        {
            "Ligand ID": "TH0",
            "Chain": "A",
            "Binding Affinity": [
                {
                    "Source": "-",
                    "Affinity": "-"
                }
            ],
            "Molecular Weight": 142.18,
            "Residue ID": 305,
            "PDB ID": "4FIK"
        },
        {
            "Ligand ID": "D2S",
            "Chain": "A",
            "Binding Affinity": [
                {
                    "Source": "-",
                    "Affinity": "-"
                }
            ],
            "Molecular Weight": 282.33,
            "Residue ID": 304,
            "PDB ID": "4FIK"
        }
    ],
    "Substructure Relationships": [
        [
            "TH0",
            "D2S"
        ]
    ],
    "Summary: {
        "UniProt Accession": "P00918",
        "Fragment SMILES": "c1cc(cc(c1)O)O",
        "Number of Ligands": 2,
        "UniProt Name": "Carbonic anhydrase 2",
        "Fragment Name": "RESORCINOL",
        "Fragment ID": "RCO"
    }
}