{
    "Entry Name": "4BX_Q13526", 
    "Structures": [
        {
            "Ligand ID": "4BX",
            "Chain": "A",
            "Binding Affinity": [
                {
                    "Source": "BINDINGDB",
                    "Affinity": "IC50 = 740000 nM "
                },
                {
                    "Source": "BINDINGMOAD",
                    "Affinity": "IC50 = 740000 nM"
                },
                {
                    "Source": "PDBBIND",
                    "Affinity": "IC50 = 740000 nM"
                }
            ],
            "Molecular Weight": 190.2,
            "Residue ID": 1,
            "PDB ID": "3KAC"
        },
        {
            "Ligand ID": "4DH",
            "Chain": "A",
            "Binding Affinity": [
                {
                    "Source": "BINDINGMOAD",
                    "Affinity": "IC50 = 260 nM"
                },
                {
                    "Source": "PDBBIND",
                    "Affinity": "IC50 = 260 nM"
                }
            ],
            "Molecular Weight": 389.41,
            "Residue ID": 165,
            "PDB ID": "3KAH"
        }
    ],
    "Substructure Relationships": [
        [
            "4DH"
        ]
    ],
    "Summary: {
        "UniProt Accession": "Q13526",
        "Fragment SMILES": "c1ccc2c(c1)[nH]c(n2)CCC(=O)O",
        "Number of Ligands": 1,
        "UniProt Name": "Peptidyl-prolyl cis-trans isomerase NIMA-interacting 1",
        "Fragment Name": "3-(1H-benzimidazol-2-yl)propanoic acid",
        "Fragment ID": "4BX"
    }
}