{
    "Entry Name": "MEW_P09874", 
    "Structures": [
        {
            "Ligand ID": "MEW",
            "Chain": "B",
            "Binding Affinity": [
                {
                    "Source": "BINDINGDB",
                    "Affinity": "IC50 = 1210 - 5600 nM "
                }
            ],
            "Molecular Weight": 160.17,
            "Residue ID": 1101,
            "PDB ID": "4GV7"
        },
        {
            "Ligand ID": "FRM",
            "Chain": "B",
            "Binding Affinity": [
                {
                    "Source": "BINDINGDB",
                    "Affinity": "IC50 = 8 - 16 nM "
                },
                {
                    "Source": "PDBBIND",
                    "Affinity": "IC50 = 8 nM"
                }
            ],
            "Molecular Weight": 377.45,
            "Residue ID": 502,
            "PDB ID": "1UK0"
        }
    ],
    "Substructure Relationships": [
        [
            "FRM"
        ]
    ],
    "Summary: {
        "UniProt Accession": "P09874",
        "Fragment SMILES": "CC1=Nc2ccccc2C(=O)N1",
        "Number of Ligands": 1,
        "UniProt Name": "Poly [ADP-ribose] polymerase 1",
        "Fragment Name": "2-methylquinazolin-4(3H)-one",
        "Fragment ID": "MEW"
    }
}