{
    "Entry Name": "2AE_P07900", 
    "Structures": [
        {
            "Ligand ID": "2AE",
            "Chain": "A",
            "Binding Affinity": [
                {
                    "Source": "BINDINGDB",
                    "Affinity": "IC50 = >4000000 nM "
                }
            ],
            "Molecular Weight": 136.15,
            "Residue ID": 1224,
            "PDB ID": "2YE6"
        },
        {
            "Ligand ID": "SNX",
            "Chain": "A",
            "Binding Affinity": [
                {
                    "Source": "BINDINGMOAD",
                    "Affinity": "Kd = 290 nM"
                },
                {
                    "Source": "PDBBIND",
                    "Affinity": "Kd = 290 nM"
                }
            ],
            "Molecular Weight": 377.44,
            "Residue ID": 233,
            "PDB ID": "3D0B"
        },
        {
            "Ligand ID": "2LC",
            "Chain": "A",
            "Binding Affinity": [
                {
                    "Source": "BINDINGDB",
                    "Affinity": "IC50 = 30 nM "
                },
                {
                    "Source": "BINDINGMOAD",
                    "Affinity": "Ki = 3 nM"
                }
            ],
            "Molecular Weight": 399.46,
            "Residue ID": 301,
            "PDB ID": "4NH8"
        },
        {
            "Ligand ID": "05S",
            "Chain": "A",
            "Binding Affinity": [
                {
                    "Source": "BINDINGDB",
                    "Affinity": "IC50 = 110 nM "
                },
                {
                    "Source": "BINDINGMOAD",
                    "Affinity": "IC50 = 110 nM"
                },
                {
                    "Source": "PDBBIND",
                    "Affinity": "IC50 = 110 nM"
                }
            ],
            "Molecular Weight": 408.54,
            "Residue ID": 1,
            "PDB ID": "3QTF"
        },
        {
            "Ligand ID": "06J",
            "Chain": "A",
            "Binding Affinity": [
                {
                    "Source": "BINDINGDB",
                    "Affinity": "IC50 = 96 nM "
                },
                {
                    "Source": "BINDINGMOAD",
                    "Affinity": "IC50 = 883 nM"
                },
                {
                    "Source": "PDBBIND",
                    "Affinity": "IC50 = 96 nM"
                }
            ],
            "Molecular Weight": 434.57,
            "Residue ID": 1,
            "PDB ID": "3R92"
        },
        {
            "Ligand ID": "06H",
            "Chain": "A",
            "Binding Affinity": [
                {
                    "Source": "BINDINGMOAD",
                    "Affinity": "IC50 = 92 nM"
                },
                {
                    "Source": "PDBBIND",
                    "Affinity": "IC50 = 92 nM"
                }
            ],
            "Molecular Weight": 436.55,
            "Residue ID": 1,
            "PDB ID": "3R91"
        },
        {
            "Ligand ID": "SD1",
            "Chain": "P",
            "Binding Affinity": [
                {
                    "Source": "-",
                    "Affinity": "-"
                }
            ],
            "Molecular Weight": 477.55,
            "Residue ID": 233,
            "PDB ID": "3MNR"
        },
        {
            "Ligand ID": "06T",
            "Chain": "A",
            "Binding Affinity": [
                {
                    "Source": "BINDINGDB",
                    "Affinity": "IC50 = 83 nM "
                },
                {
                    "Source": "BINDINGMOAD",
                    "Affinity": "IC50 = 83 nM"
                },
                {
                    "Source": "PDBBIND",
                    "Affinity": "IC50 = 83 nM"
                }
            ],
            "Molecular Weight": 493.64,
            "Residue ID": 1,
            "PDB ID": "3RKZ"
        },
        {
            "Ligand ID": "99B",
            "Chain": "B",
            "Binding Affinity": [
                {
                    "Source": "BINDINGMOAD",
                    "Affinity": "IC50 = 24 nM"
                },
                {
                    "Source": "PDBBIND",
                    "Affinity": "IC50 = 24 nM"
                }
            ],
            "Molecular Weight": 503.64,
            "Residue ID": 1225,
            "PDB ID": "4AWO"
        }
    ],
    "Substructure Relationships": [
        [
            "SNX"
        ],
        [
            "2LC"
        ],
        [
            "06J"
        ],
        [
            "SD1"
        ],
        [
            "06T"
        ],
        [
            "99B"
        ],
        [
            "05S",
            "06H"
        ]
    ],
    "Summary: {
        "UniProt Accession": "P07900",
        "Fragment SMILES": "c1ccc(c(c1)C(=O)N)N",
        "Number of Ligands": 8,
        "UniProt Name": "Heat shock protein HSP 90-alpha",
        "Fragment Name": "2-AMINO-BENZAMIDE",
        "Fragment ID": "2AE"
    }
}