{
    "Entry Name": "42C_P07900", 
    "Structures": [
        {
            "Ligand ID": "42C",
            "Chain": "A",
            "Binding Affinity": [
                {
                    "Source": "-",
                    "Affinity": "-"
                }
            ],
            "Molecular Weight": 163.18,
            "Residue ID": 237,
            "PDB ID": "3HZ1"
        },
        {
            "Ligand ID": "Z64",
            "Chain": "A",
            "Binding Affinity": [
                {
                    "Source": "-",
                    "Affinity": "-"
                }
            ],
            "Molecular Weight": 351.41,
            "Residue ID": 237,
            "PDB ID": "3HZ5"
        }
    ],
    "Substructure Relationships": [
        [
            "Z64"
        ]
    ],
    "Summary: {
        "UniProt Accession": "P07900",
        "Fragment SMILES": "CN(C)c1c2c(nc[nH]2)ncn1",
        "Number of Ligands": 1,
        "UniProt Name": "Heat shock protein HSP 90-alpha",
        "Fragment Name": "N,N-dimethyl-7H-purin-6-amine",
        "Fragment ID": "42C"
    }
}