{
    "Entry Name": "8T1_O95696", 
    "Structures": [
        {
            "Ligand ID": "8T1",
            "Chain": "A",
            "Binding Affinity": [
                {
                    "Source": "-",
                    "Affinity": "-"
                }
            ],
            "Molecular Weight": 174.2,
            "Residue ID": 203,
            "PDB ID": "5POE"
        },
        {
            "Ligand ID": "8TG",
            "Chain": "A",
            "Binding Affinity": [
                {
                    "Source": "-",
                    "Affinity": "-"
                }
            ],
            "Molecular Weight": 283.08,
            "Residue ID": 203,
            "PDB ID": "5POC"
        }
    ],
    "Substructure Relationships": [
        [
            "8TG"
        ]
    ],
    "Summary: {
        "UniProt Accession": "O95696",
        "Fragment SMILES": "CN1c2ccc(cc2C=CC1=O)N",
        "Number of Ligands": 1,
        "UniProt Name": "Bromodomain-containing protein 1",
        "Fragment Name": "6-amino-1-methylquinolin-2(1H)-one",
        "Fragment ID": "8T1"
    }
}