{
    "Entry Name": "ALE_P00720", 
    "Structures": [
        {
            "Ligand ID": "ALE",
            "Chain": "A",
            "Binding Affinity": [
                {
                    "Source": "BINDINGDB",
                    "Affinity": "Ki = 360 - >10000 nM "
                },
                {
                    "Source": "BINDINGDB",
                    "Affinity": "Kd = 630 nM "
                },
                {
                    "Source": "BINDINGDB",
                    "Affinity": "EC50 = 15 - 1380 nM "
                }
            ],
            "Molecular Weight": 183.2,
            "Residue ID": 1402,
            "PDB ID": "4LDO"
        },
        {
            "Ligand ID": "XQC",
            "Chain": "A",
            "Binding Affinity": [
                {
                    "Source": "-",
                    "Affinity": "-"
                }
            ],
            "Molecular Weight": 317.38,
            "Residue ID": 1401,
            "PDB ID": "4LDL"
        },
        {
            "Ligand ID": "35V",
            "Chain": "A",
            "Binding Affinity": [
                {
                    "Source": "-",
                    "Affinity": "-"
                }
            ],
            "Molecular Weight": 379.47,
            "Residue ID": 1403,
            "PDB ID": "4QKX"
        }
    ],
    "Substructure Relationships": [
        [
            "XQC"
        ],
        [
            "35V"
        ]
    ],
    "Summary: {
        "UniProt Accession": "P00720",
        "Fragment SMILES": "CNC[C@@H](c1ccc(c(c1)O)O)O",
        "Number of Ligands": 2,
        "UniProt Name": "Endolysin",
        "Fragment Name": "L-EPINEPHRINE",
        "Fragment ID": "ALE"
    }
}