{
    "Entry Name": "AMG_Q7N561", 
    "Structures": [
        {
            "Ligand ID": "AMG",
            "Chain": "C",
            "Binding Affinity": [
                {
                    "Source": "-",
                    "Affinity": "-"
                }
            ],
            "Molecular Weight": 194.18,
            "Residue ID": 201,
            "PDB ID": "5ODU"
        },
        {
            "Ligand ID": "RAF",
            "Chain": "H",
            "Binding Affinity": [
                {
                    "Source": "-",
                    "Affinity": "-"
                }
            ],
            "Molecular Weight": 504.44,
            "Residue ID": 201,
            "PDB ID": "5OFX"
        },
        {
            "Ligand ID": "9TQ",
            "Chain": "D",
            "Binding Affinity": [
                {
                    "Source": "-",
                    "Affinity": "-"
                }
            ],
            "Molecular Weight": 614.62,
            "Residue ID": 202,
            "PDB ID": "5OFI"
        }
    ],
    "Substructure Relationships": [
        [
            "RAF"
        ],
        [
            "9TQ"
        ]
    ],
    "Summary: {
        "UniProt Accession": "Q7N561",
        "Fragment SMILES": "CO[C@@H]1[C@@H]([C@H]([C@H]([C@H](O1)CO)O)O)O",
        "Number of Ligands": 2,
        "UniProt Name": "Lectin A",
        "Fragment Name": "ALPHA-METHYL-D-GALACTOSIDE",
        "Fragment ID": "AMG"
    }
}