{
    "Entry Name": "BZ3_P9WIL5", 
    "Structures": [
        {
            "Ligand ID": "BZ3",
            "Chain": "A",
            "Binding Affinity": [
                {
                    "Source": "BINDINGDB",
                    "Affinity": "Kd = 1100000 nM "
                },
                {
                    "Source": "BINDINGMOAD",
                    "Affinity": "Kd = 1100000 nM"
                },
                {
                    "Source": "PDBBIND",
                    "Affinity": "Kd = 1100000 nM"
                }
            ],
            "Molecular Weight": 147.17,
            "Residue ID": 702,
            "PDB ID": "3IMC"
        },
        {
            "Ligand ID": "A8D",
            "Chain": "A",
            "Binding Affinity": [
                {
                    "Source": "BINDINGMOAD",
                    "Affinity": "Kd = 210000 nM"
                },
                {
                    "Source": "PDBBIND",
                    "Affinity": "Kd = 210000 nM"
                }
            ],
            "Molecular Weight": 268.29,
            "Residue ID": 308,
            "PDB ID": "3ISJ"
        },
        {
            "Ligand ID": "FG2",
            "Chain": "A",
            "Binding Affinity": [
                {
                    "Source": "BINDINGDB",
                    "Affinity": "Kd = 29000 nM "
                },
                {
                    "Source": "BINDINGMOAD",
                    "Affinity": "Kd = 29000 nM"
                },
                {
                    "Source": "PDBBIND",
                    "Affinity": "Kd = 29000 nM"
                }
            ],
            "Molecular Weight": 345.37,
            "Residue ID": 302,
            "PDB ID": "3IUB"
        }
    ],
    "Substructure Relationships": [
        [
            "A8D"
        ],
        [
            "FG2"
        ]
    ],
    "Summary: {
        "UniProt Accession": "P9WIL5",
        "Fragment SMILES": "COc1ccc2c(c1)cc[nH]2",
        "Number of Ligands": 2,
        "UniProt Name": "Pantothenate synthetase",
        "Fragment Name": "5-methoxy-1H-indole",
        "Fragment ID": "BZ3"
    }
}