{
    "Entry Name": "CAQ_P28482", 
    "Structures": [
        {
            "Ligand ID": "CAQ",
            "Chain": "A",
            "Binding Affinity": [
                {
                    "Source": "-",
                    "Affinity": "-"
                }
            ],
            "Molecular Weight": 110.11,
            "Residue ID": 401,
            "PDB ID": "4ZXT"
        },
        {
            "Ligand ID": "NRA",
            "Chain": "A",
            "Binding Affinity": [
                {
                    "Source": "-",
                    "Affinity": "-"
                }
            ],
            "Molecular Weight": 260.2,
            "Residue ID": 361,
            "PDB ID": "3SA0"
        }
    ],
    "Substructure Relationships": [
        [
            "NRA"
        ]
    ],
    "Summary: {
        "UniProt Accession": "P28482",
        "Fragment SMILES": "c1ccc(c(c1)O)O",
        "Number of Ligands": 1,
        "UniProt Name": "Mitogen-activated protein kinase 1",
        "Fragment Name": "CATECHOL",
        "Fragment ID": "CAQ"
    }
}