{
    "Entry Name": "EVJ_P00918", 
    "Structures": [
        {
            "Ligand ID": "EVJ",
            "Chain": "B",
            "Binding Affinity": [
                {
                    "Source": "-",
                    "Affinity": "-"
                }
            ],
            "Molecular Weight": 163.22,
            "Residue ID": 302,
            "PDB ID": "4N0X"
        },
        {
            "Ligand ID": "BZ1",
            "Chain": "A",
            "Binding Affinity": [
                {
                    "Source": "BINDINGDB",
                    "Affinity": "Ki = 0.1 - 45 nM "
                },
                {
                    "Source": "BINDINGDB",
                    "Affinity": "Kd = 0.1 - .13 nM "
                },
                {
                    "Source": "BINDINGDB",
                    "Affinity": "IC50 = 3.2 - 45 nM "
                },
                {
                    "Source": "BINDINGMOAD",
                    "Affinity": "Ki = 3.2 nM"
                },
                {
                    "Source": "PDBBIND",
                    "Affinity": "Ki = 3.2 nM"
                }
            ],
            "Molecular Weight": 383.51,
            "Residue ID": 302,
            "PDB ID": "4M2R"
        },
        {
            "Ligand ID": "INQ",
            "Chain": "A",
            "Binding Affinity": [
                {
                    "Source": "BINDINGDB",
                    "Affinity": "IC50 = 1.1 nM "
                },
                {
                    "Source": "BINDINGDB",
                    "Affinity": "Ki = 0.2 nM "
                },
                {
                    "Source": "BINDINGMOAD",
                    "Affinity": "IC50 = 1.15 nM"
                },
                {
                    "Source": "PDBBIND",
                    "Affinity": "IC50 = 1.15 nM"
                }
            ],
            "Molecular Weight": 457.54,
            "Residue ID": 555,
            "PDB ID": "1I91"
        },
        {
            "Ligand ID": "INL",
            "Chain": "A",
            "Binding Affinity": [
                {
                    "Source": "BINDINGDB",
                    "Affinity": "IC50 = 1.3 nM "
                },
                {
                    "Source": "BINDINGDB",
                    "Affinity": "Ki = 0.2 nM "
                },
                {
                    "Source": "BINDINGMOAD",
                    "Affinity": "IC50 = 1.27 nM"
                },
                {
                    "Source": "PDBBIND",
                    "Affinity": "IC50 = 1.27 nM"
                }
            ],
            "Molecular Weight": 471.57,
            "Residue ID": 555,
            "PDB ID": "1I8Z"
        }
    ],
    "Substructure Relationships": [
        [
            "BZ1"
        ],
        [
            "INQ",
            "INL"
        ]
    ],
    "Summary: {
        "UniProt Accession": "P00918",
        "Fragment SMILES": "c1cc(sc1)S(=O)(=O)N",
        "Number of Ligands": 3,
        "UniProt Name": "Carbonic anhydrase 2",
        "Fragment Name": "thiophene-2-sulfonamide",
        "Fragment ID": "EVJ"
    }
}