{
    "Entry Name": "GLA_A0A083ZM57", 
    "Structures": [
        {
            "Ligand ID": "GLA",
            "Chain": "B",
            "Binding Affinity": [
                {
                    "Source": "-",
                    "Affinity": "-"
                }
            ],
            "Molecular Weight": 180.16,
            "Residue ID": 701,
            "PDB ID": "6EQ0"
        },
        {
            "Ligand ID": "MLB",
            "Chain": "B",
            "Binding Affinity": [
                {
                    "Source": "-",
                    "Affinity": "-"
                }
            ],
            "Molecular Weight": 342.3,
            "Residue ID": 704,
            "PDB ID": "6EPZ"
        },
        {
            "Ligand ID": "BQZ",
            "Chain": "A",
            "Binding Affinity": [
                {
                    "Source": "-",
                    "Affinity": "-"
                }
            ],
            "Molecular Weight": 342.3,
            "Residue ID": 716,
            "PDB ID": "6EQ8"
        },
        {
            "Ligand ID": "RAF",
            "Chain": "A",
            "Binding Affinity": [
                {
                    "Source": "-",
                    "Affinity": "-"
                }
            ],
            "Molecular Weight": 504.44,
            "Residue ID": 701,
            "PDB ID": "6EPY"
        },
        {
            "Ligand ID": "STW",
            "Chain": "B",
            "Binding Affinity": [
                {
                    "Source": "-",
                    "Affinity": "-"
                }
            ],
            "Molecular Weight": 666.58,
            "Residue ID": 726,
            "PDB ID": "6EQ1"
        }
    ],
    "Substructure Relationships": [
        [
            "BQZ"
        ],
        [
            "STW"
        ],
        [
            "MLB",
            "RAF"
        ]
    ],
    "Summary: {
        "UniProt Accession": "A0A083ZM57",
        "Fragment SMILES": "C([C@@H]1[C@@H]([C@@H]([C@H]([C@H](O1)O)O)O)O)O",
        "Number of Ligands": 4,
        "UniProt Name": "Periplasmic alpha-galactoside-binding protein",
        "Fragment Name": "ALPHA D-GALACTOSE",
        "Fragment ID": "GLA"
    }
}