{
    "Entry Name": "GLA_P32890", 
    "Structures": [
        {
            "Ligand ID": "GLA",
            "Chain": "G",
            "Binding Affinity": [
                {
                    "Source": "-",
                    "Affinity": "-"
                }
            ],
            "Molecular Weight": 180.16,
            "Residue ID": 1404,
            "PDB ID": "1DJR"
        },
        {
            "Ligand ID": "GAT",
            "Chain": "E",
            "Binding Affinity": [
                {
                    "Source": "BINDINGMOAD",
                    "Affinity": "IC50 = 12000000 nM"
                },
                {
                    "Source": "PDBBIND",
                    "Affinity": "IC50 = 12000000 nM"
                }
            ],
            "Molecular Weight": 271.27,
            "Residue ID": 105,
            "PDB ID": "1EFI"
        },
        {
            "Ligand ID": "GAA",
            "Chain": "E",
            "Binding Affinity": [
                {
                    "Source": "PDBBIND",
                    "Affinity": "IC50 = 500000 nM"
                }
            ],
            "Molecular Weight": 301.25,
            "Residue ID": 104,
            "PDB ID": "1LT6"
        },
        {
            "Ligand ID": "AI1",
            "Chain": "H",
            "Binding Affinity": [
                {
                    "Source": "BINDINGMOAD",
                    "Affinity": "IC50 = 14000000 nM"
                },
                {
                    "Source": "PDBBIND",
                    "Affinity": "IC50 = 14000000 nM"
                }
            ],
            "Molecular Weight": 389.4,
            "Residue ID": 104,
            "PDB ID": "1FD7"
        },
        {
            "Ligand ID": "A32",
            "Chain": "E",
            "Binding Affinity": [
                {
                    "Source": "BINDINGMOAD",
                    "Affinity": "Ki = 12000 nM"
                },
                {
                    "Source": "PDBBIND",
                    "Affinity": "Ki = 12000 nM"
                }
            ],
            "Molecular Weight": 471.46,
            "Residue ID": 104,
            "PDB ID": "1JQY"
        },
        {
            "Ligand ID": "1DM",
            "Chain": "G",
            "Binding Affinity": [
                {
                    "Source": "BINDINGMOAD",
                    "Affinity": "Kd = 60000 nM"
                },
                {
                    "Source": "PDBBIND",
                    "Affinity": "Kd = 60000 nM"
                }
            ],
            "Molecular Weight": 556.56,
            "Residue ID": 107,
            "PDB ID": "1PZI"
        }
    ],
    "Substructure Relationships": [
        [
            "GAT"
        ],
        [
            "GAA"
        ],
        [
            "AI1"
        ],
        [
            "A32"
        ],
        [
            "1DM"
        ]
    ],
    "Summary: {
        "UniProt Accession": "P32890",
        "Fragment SMILES": "C([C@@H]1[C@@H]([C@@H]([C@H]([C@H](O1)O)O)O)O)O",
        "Number of Ligands": 5,
        "UniProt Name": "Heat-labile enterotoxin B chain",
        "Fragment Name": "ALPHA D-GALACTOSE",
        "Fragment ID": "GLA"
    }
}