{
    "Entry Name": "HAE_P39900", 
    "Structures": [
        {
            "Ligand ID": "HAE",
            "Chain": "D",
            "Binding Affinity": [
                {
                    "Source": "-",
                    "Affinity": "-"
                }
            ],
            "Molecular Weight": 75.07,
            "Residue ID": 574,
            "PDB ID": "1OS2"
        },
        {
            "Ligand ID": "Z79",
            "Chain": "A",
            "Binding Affinity": [
                {
                    "Source": "BINDINGDB",
                    "Affinity": "Ki = 20 nM "
                },
                {
                    "Source": "BINDINGMOAD",
                    "Affinity": "Kd = 19.7 nM"
                },
                {
                    "Source": "PDBBIND",
                    "Affinity": "Kd = 19.7 nM"
                }
            ],
            "Molecular Weight": 260.27,
            "Residue ID": 0,
            "PDB ID": "3LK8"
        },
        {
            "Ligand ID": "NHK",
            "Chain": "A",
            "Binding Affinity": [
                {
                    "Source": "BINDINGDB",
                    "Affinity": "Ki = 7.6 nM "
                },
                {
                    "Source": "BINDINGMOAD",
                    "Affinity": "Kd = 7.88 nM"
                },
                {
                    "Source": "PDBBIND",
                    "Affinity": "Kd = 7.88 nM"
                }
            ],
            "Molecular Weight": 304.32,
            "Residue ID": 0,
            "PDB ID": "3NX7"
        },
        {
            "Ligand ID": "JT5",
            "Chain": "A",
            "Binding Affinity": [
                {
                    "Source": "BINDINGDB",
                    "Affinity": "Ki = 31 nM "
                },
                {
                    "Source": "PDBBIND",
                    "Affinity": "Ki = 31 nM"
                }
            ],
            "Molecular Weight": 350.39,
            "Residue ID": 0,
            "PDB ID": "3N2V"
        },
        {
            "Ligand ID": "10B",
            "Chain": "A",
            "Binding Affinity": [
                {
                    "Source": "-",
                    "Affinity": "-"
                }
            ],
            "Molecular Weight": 364.42,
            "Residue ID": 306,
            "PDB ID": "4H76"
        },
        {
            "Ligand ID": "CGS",
            "Chain": "B",
            "Binding Affinity": [
                {
                    "Source": "PDBBIND",
                    "Affinity": "IC50 = 2 nM"
                }
            ],
            "Molecular Weight": 393.46,
            "Residue ID": 999,
            "PDB ID": "1JIZ"
        }
    ],
    "Substructure Relationships": [
        [
            "JT5"
        ],
        [
            "10B"
        ],
        [
            "Z79",
            "NHK"
        ],
        [
            "Z79",
            "CGS"
        ]
    ],
    "Summary: {
        "UniProt Accession": "P39900",
        "Fragment SMILES": "CC(=O)NO",
        "Number of Ligands": 5,
        "UniProt Name": "Macrophage metalloelastase",
        "Fragment Name": "ACETOHYDROXAMIC ACID",
        "Fragment ID": "HAE"
    }
}