{
    "Entry Name": "ORO_Q4D3W2", 
    "Structures": [
        {
            "Ligand ID": "ORO",
            "Chain": "B",
            "Binding Affinity": [
                {
                    "Source": "-",
                    "Affinity": "-"
                }
            ],
            "Molecular Weight": 156.1,
            "Residue ID": 2352,
            "PDB ID": "2E6A"
        },
        {
            "Ligand ID": "2RO",
            "Chain": "B",
            "Binding Affinity": [
                {
                    "Source": "-",
                    "Affinity": "-"
                }
            ],
            "Molecular Weight": 316.35,
            "Residue ID": 401,
            "PDB ID": "3W22"
        },
        {
            "Ligand ID": "WRO",
            "Chain": "B",
            "Binding Affinity": [
                {
                    "Source": "-",
                    "Affinity": "-"
                }
            ],
            "Molecular Weight": 328.24,
            "Residue ID": 401,
            "PDB ID": "3W1T"
        },
        {
            "Ligand ID": "ROD",
            "Chain": "B",
            "Binding Affinity": [
                {
                    "Source": "-",
                    "Affinity": "-"
                }
            ],
            "Molecular Weight": 328.24,
            "Residue ID": 401,
            "PDB ID": "3W2N"
        },
        {
            "Ligand ID": "ZRO",
            "Chain": "B",
            "Binding Affinity": [
                {
                    "Source": "-",
                    "Affinity": "-"
                }
            ],
            "Molecular Weight": 328.24,
            "Residue ID": 401,
            "PDB ID": "3W2M"
        },
        {
            "Ligand ID": "ROE",
            "Chain": "B",
            "Binding Affinity": [
                {
                    "Source": "-",
                    "Affinity": "-"
                }
            ],
            "Molecular Weight": 340.33,
            "Residue ID": 401,
            "PDB ID": "3W3O"
        },
        {
            "Ligand ID": "ROU",
            "Chain": "B",
            "Binding Affinity": [
                {
                    "Source": "-",
                    "Affinity": "-"
                }
            ],
            "Molecular Weight": 396.24,
            "Residue ID": 401,
            "PDB ID": "3W2U"
        }
    ],
    "Substructure Relationships": [
        [
            "2RO"
        ],
        [
            "ROD"
        ],
        [
            "ZRO"
        ],
        [
            "ROE"
        ],
        [
            "WRO",
            "ROU"
        ]
    ],
    "Summary: {
        "UniProt Accession": "Q4D3W2",
        "Fragment SMILES": "C1=C(NC(=O)NC1=O)C(=O)O",
        "Number of Ligands": 6,
        "UniProt Name": "Dihydroorotate dehydrogenase (fumarate)",
        "Fragment Name": "OROTIC ACID",
        "Fragment ID": "ORO"
    }
}