{
    "Entry Name": "TDR_Q6TFC6", 
    "Structures": [
        {
            "Ligand ID": "TDR",
            "Chain": "B",
            "Binding Affinity": [
                {
                    "Source": "-",
                    "Affinity": "-"
                }
            ],
            "Molecular Weight": 126.11,
            "Residue ID": 301,
            "PDB ID": "3FS8"
        },
        {
            "Ligand ID": "T3F",
            "Chain": "A",
            "Binding Affinity": [
                {
                    "Source": "-",
                    "Affinity": "-"
                }
            ],
            "Molecular Weight": 547.35,
            "Residue ID": 301,
            "PDB ID": "3FSC"
        },
        {
            "Ligand ID": "T3Q",
            "Chain": "A",
            "Binding Affinity": [
                {
                    "Source": "-",
                    "Affinity": "-"
                }
            ],
            "Molecular Weight": 547.35,
            "Residue ID": 301,
            "PDB ID": "3FSB"
        }
    ],
    "Substructure Relationships": [
        [
            "T3F"
        ],
        [
            "T3Q"
        ]
    ],
    "Summary: {
        "UniProt Accession": "Q6TFC6",
        "Fragment SMILES": "CC1=CNC(=O)NC1=O",
        "Number of Ligands": 2,
        "UniProt Name": "QdtC",
        "Fragment Name": "THYMINE",
        "Fragment ID": "TDR"
    }
}