{
    "Entry Name": "1LQ_P11142", 
    "Structures": [
        {
            "Ligand ID": "1LQ",
            "Chain": "E",
            "Binding Affinity": [
                {
                    "Source": "-",
                    "Affinity": "-"
                }
            ],
            "Molecular Weight": 145.16,
            "Residue ID": 1382,
            "PDB ID": "5AQP"
        },
        {
            "Ligand ID": "5P7",
            "Chain": "A",
            "Binding Affinity": [
                {
                    "Source": "-",
                    "Affinity": "-"
                }
            ],
            "Molecular Weight": 275.3,
            "Residue ID": 1381,
            "PDB ID": "5AQT"
        },
        {
            "Ligand ID": "UX0",
            "Chain": "A",
            "Binding Affinity": [
                {
                    "Source": "-",
                    "Affinity": "-"
                }
            ],
            "Molecular Weight": 305.33,
            "Residue ID": 1388,
            "PDB ID": "5AQU"
        },
        {
            "Ligand ID": "KC7",
            "Chain": "A",
            "Binding Affinity": [
                {
                    "Source": "-",
                    "Affinity": "-"
                }
            ],
            "Molecular Weight": 381.43,
            "Residue ID": 1382,
            "PDB ID": "5AQV"
        }
    ],
    "Substructure Relationships": [
        [
            "5P7",
            "UX0",
            "KC7"
        ]
    ],
    "Summary: {
        "UniProt Accession": "P11142",
        "Fragment SMILES": "c1ccc2c(c1)c(ncn2)N",
        "Number of Ligands": 3,
        "UniProt Name": "Heat shock cognate 71 kDa protein",
        "Fragment Name": "quinazolin-4-amine",
        "Fragment ID": "1LQ"
    }
}