{
    "Entry Name": "7XM_P08709", 
    "Structures": [
        {
            "Ligand ID": "7XM",
            "Chain": "B",
            "Binding Affinity": [
                {
                    "Source": "-",
                    "Affinity": "-"
                }
            ],
            "Molecular Weight": 159.19,
            "Residue ID": 506,
            "PDB ID": "5PAW"
        },
        {
            "Ligand ID": "7XJ",
            "Chain": "B",
            "Binding Affinity": [
                {
                    "Source": "-",
                    "Affinity": "-"
                }
            ],
            "Molecular Weight": 292.33,
            "Residue ID": 501,
            "PDB ID": "5PAJ"
        },
        {
            "Ligand ID": "4T1",
            "Chain": "H",
            "Binding Affinity": [
                {
                    "Source": "-",
                    "Affinity": "-"
                }
            ],
            "Molecular Weight": 465.55,
            "Residue ID": 301,
            "PDB ID": "4ZXY"
        },
        {
            "Ligand ID": "7Z1",
            "Chain": "B",
            "Binding Affinity": [
                {
                    "Source": "-",
                    "Affinity": "-"
                }
            ],
            "Molecular Weight": 484.56,
            "Residue ID": 505,
            "PDB ID": "5PAM"
        },
        {
            "Ligand ID": "7ZA",
            "Chain": "B",
            "Binding Affinity": [
                {
                    "Source": "-",
                    "Affinity": "-"
                }
            ],
            "Molecular Weight": 524.65,
            "Residue ID": 505,
            "PDB ID": "5PAQ"
        },
        {
            "Ligand ID": "1OK",
            "Chain": "H",
            "Binding Affinity": [
                {
                    "Source": "BINDINGMOAD",
                    "Affinity": "Ki = 10 nM"
                },
                {
                    "Source": "PDBBIND",
                    "Affinity": "Ki = 10 nM"
                }
            ],
            "Molecular Weight": 534.63,
            "Residue ID": 301,
            "PDB ID": "4JYU"
        },
        {
            "Ligand ID": "67O",
            "Chain": "H",
            "Binding Affinity": [
                {
                    "Source": "-",
                    "Affinity": "-"
                }
            ],
            "Molecular Weight": 543.59,
            "Residue ID": 301,
            "PDB ID": "5I46"
        },
        {
            "Ligand ID": "1NK",
            "Chain": "H",
            "Binding Affinity": [
                {
                    "Source": "BINDINGDB",
                    "Affinity": "IC50 = 7 nM "
                },
                {
                    "Source": "BINDINGMOAD",
                    "Affinity": "IC50 = 7 nM"
                },
                {
                    "Source": "PDBBIND",
                    "Affinity": "IC50 = 7 nM"
                }
            ],
            "Molecular Weight": 557.6,
            "Residue ID": 301,
            "PDB ID": "4JZE"
        },
        {
            "Ligand ID": "2KE",
            "Chain": "H",
            "Binding Affinity": [
                {
                    "Source": "-",
                    "Affinity": "-"
                }
            ],
            "Molecular Weight": 563.67,
            "Residue ID": 301,
            "PDB ID": "4NG9"
        },
        {
            "Ligand ID": "7KR",
            "Chain": "H",
            "Binding Affinity": [
                {
                    "Source": "-",
                    "Affinity": "-"
                }
            ],
            "Molecular Weight": 569.67,
            "Residue ID": 301,
            "PDB ID": "5TQF"
        },
        {
            "Ligand ID": "7KQ",
            "Chain": "H",
            "Binding Affinity": [
                {
                    "Source": "-",
                    "Affinity": "-"
                }
            ],
            "Molecular Weight": 585.67,
            "Residue ID": 301,
            "PDB ID": "5TQE"
        },
        {
            "Ligand ID": "4T0",
            "Chain": "H",
            "Binding Affinity": [
                {
                    "Source": "-",
                    "Affinity": "-"
                }
            ],
            "Molecular Weight": 585.72,
            "Residue ID": 301,
            "PDB ID": "4ZXX"
        },
        {
            "Ligand ID": "2KF",
            "Chain": "H",
            "Binding Affinity": [
                {
                    "Source": "-",
                    "Affinity": "-"
                }
            ],
            "Molecular Weight": 590.73,
            "Residue ID": 301,
            "PDB ID": "4NGA"
        },
        {
            "Ligand ID": "70A",
            "Chain": "H",
            "Binding Affinity": [
                {
                    "Source": "BINDINGDB",
                    "Affinity": "Ki = 0.1 - 230 nM "
                }
            ],
            "Molecular Weight": 617.7,
            "Residue ID": 301,
            "PDB ID": "5L30"
        },
        {
            "Ligand ID": "70D",
            "Chain": "H",
            "Binding Affinity": [
                {
                    "Source": "-",
                    "Affinity": "-"
                }
            ],
            "Molecular Weight": 625.69,
            "Residue ID": 301,
            "PDB ID": "5L2Y"
        },
        {
            "Ligand ID": "70C",
            "Chain": "H",
            "Binding Affinity": [
                {
                    "Source": "-",
                    "Affinity": "-"
                }
            ],
            "Molecular Weight": 653.74,
            "Residue ID": 301,
            "PDB ID": "5L2Z"
        },
        {
            "Ligand ID": "7KS",
            "Chain": "H",
            "Binding Affinity": [
                {
                    "Source": "-",
                    "Affinity": "-"
                }
            ],
            "Molecular Weight": 681.72,
            "Residue ID": 301,
            "PDB ID": "5TQG"
        }
    ],
    "Substructure Relationships": [
        [
            "7XJ"
        ],
        [
            "4T1"
        ],
        [
            "7Z1"
        ],
        [
            "7ZA"
        ],
        [
            "1OK"
        ],
        [
            "67O"
        ],
        [
            "1NK"
        ],
        [
            "2KE"
        ],
        [
            "7KQ"
        ],
        [
            "4T0"
        ],
        [
            "2KF"
        ],
        [
            "70A"
        ],
        [
            "70D"
        ],
        [
            "70C"
        ],
        [
            "7KR",
            "7KS"
        ]
    ],
    "Summary: {
        "UniProt Accession": "P08709",
        "Fragment SMILES": "c1cc2c(ccnc2N)cc1N",
        "Number of Ligands": 16,
        "UniProt Name": "Coagulation factor VII",
        "Fragment Name": "isoquinoline-1,6-diamine",
        "Fragment ID": "7XM"
    }
}