{
    "Entry Name": "AX7_P08709", 
    "Structures": [
        {
            "Ligand ID": "AX7",
            "Chain": "C",
            "Binding Affinity": [
                {
                    "Source": "-",
                    "Affinity": "-"
                }
            ],
            "Molecular Weight": 133.15,
            "Residue ID": 506,
            "PDB ID": "5PAR"
        },
        {
            "Ligand ID": "7ZG",
            "Chain": "B",
            "Binding Affinity": [
                {
                    "Source": "-",
                    "Affinity": "-"
                }
            ],
            "Molecular Weight": 300.74,
            "Residue ID": 501,
            "PDB ID": "5PAT"
        },
        {
            "Ligand ID": "7ZJ",
            "Chain": "C",
            "Binding Affinity": [
                {
                    "Source": "-",
                    "Affinity": "-"
                }
            ],
            "Molecular Weight": 416.45,
            "Residue ID": 507,
            "PDB ID": "5PAU"
        },
        {
            "Ligand ID": "7LR",
            "Chain": "B",
            "Binding Affinity": [
                {
                    "Source": "-",
                    "Affinity": "-"
                }
            ],
            "Molecular Weight": 450.9,
            "Residue ID": 508,
            "PDB ID": "5PAF"
        },
        {
            "Ligand ID": "7YM",
            "Chain": "B",
            "Binding Affinity": [
                {
                    "Source": "-",
                    "Affinity": "-"
                }
            ],
            "Molecular Weight": 501.5,
            "Residue ID": 505,
            "PDB ID": "5PAI"
        }
    ],
    "Substructure Relationships": [
        [
            "7YM"
        ],
        [
            "7ZG",
            "7LR"
        ],
        [
            "7ZJ",
            "7LR"
        ]
    ],
    "Summary: {
        "UniProt Accession": "P08709",
        "Fragment SMILES": "c1ccc2c(c1)[nH]c(n2)N",
        "Number of Ligands": 4,
        "UniProt Name": "Coagulation factor VII",
        "Fragment Name": "1H-benzimidazol-2-amine",
        "Fragment ID": "AX7"
    }
}