{
    "Entry Name": "LZ5_P24941", 
    "Structures": [
        {
            "Ligand ID": "LZ5",
            "Chain": "A",
            "Binding Affinity": [
                {
                    "Source": "BINDINGMOAD",
                    "Affinity": "IC50 = 97000 nM"
                },
                {
                    "Source": "PDBBIND",
                    "Affinity": "IC50 = 97000 nM"
                }
            ],
            "Molecular Weight": 187.2,
            "Residue ID": 1299,
            "PDB ID": "2VTL"
        },
        {
            "Ligand ID": "LZ3",
            "Chain": "A",
            "Binding Affinity": [
                {
                    "Source": "BINDINGMOAD",
                    "Affinity": "IC50 = 660 nM"
                },
                {
                    "Source": "PDBBIND",
                    "Affinity": "IC50 = 660 nM"
                }
            ],
            "Molecular Weight": 316.33,
            "Residue ID": 1299,
            "PDB ID": "2VTI"
        },
        {
            "Ligand ID": "LZ8",
            "Chain": "A",
            "Binding Affinity": [
                {
                    "Source": "BINDINGMOAD",
                    "Affinity": "IC50 = 140 nM"
                },
                {
                    "Source": "PDBBIND",
                    "Affinity": "IC50 = 140 nM"
                }
            ],
            "Molecular Weight": 324.31,
            "Residue ID": 1299,
            "PDB ID": "2VTO"
        },
        {
            "Ligand ID": "LZ9",
            "Chain": "A",
            "Binding Affinity": [
                {
                    "Source": "BINDINGMOAD",
                    "Affinity": "IC50 = 3 nM"
                },
                {
                    "Source": "PDBBIND",
                    "Affinity": "IC50 = 3 nM"
                }
            ],
            "Molecular Weight": 360.29,
            "Residue ID": 1299,
            "PDB ID": "2VTP"
        }
    ],
    "Substructure Relationships": [
        [
            "LZ3"
        ],
        [
            "LZ8",
            "LZ9"
        ]
    ],
    "Summary: {
        "UniProt Accession": "P24941",
        "Fragment SMILES": "c1ccc(cc1)NC(=O)c2cc[nH]n2",
        "Number of Ligands": 3,
        "UniProt Name": "Cyclin-dependent kinase 2",
        "Fragment Name": "N-phenyl-1H-pyrazole-3-carboxamide",
        "Fragment ID": "LZ5"
    }
}