{
    "Entry Name": "MR1_P29477", 
    "Structures": [
        {
            "Ligand ID": "MR1",
            "Chain": "A",
            "Binding Affinity": [
                {
                    "Source": "-",
                    "Affinity": "-"
                }
            ],
            "Molecular Weight": 151.16,
            "Residue ID": 602,
            "PDB ID": "2ORQ"
        },
        {
            "Ligand ID": "342",
            "Chain": "A",
            "Binding Affinity": [
                {
                    "Source": "BINDINGDB",
                    "Affinity": "IC50 = 72 nM "
                }
            ],
            "Molecular Weight": 377.44,
            "Residue ID": 601,
            "PDB ID": "2ORT"
        },
        {
            "Ligand ID": "1PM",
            "Chain": "A",
            "Binding Affinity": [
                {
                    "Source": "BINDINGDB",
                    "Affinity": "Ki = 2.2 nM "
                },
                {
                    "Source": "BINDINGDB",
                    "Affinity": "IC50 = 0.2 - 0.6 nM "
                },
                {
                    "Source": "BINDINGMOAD",
                    "Affinity": "IC50 = 28 nM"
                }
            ],
            "Molecular Weight": 479.49,
            "Residue ID": 601,
            "PDB ID": "1DD7"
        }
    ],
    "Substructure Relationships": [
        [
            "342"
        ],
        [
            "1PM"
        ]
    ],
    "Summary: {
        "UniProt Accession": "P29477",
        "Fragment SMILES": "c1cc2c(cc1CN)OCO2",
        "Number of Ligands": 2,
        "UniProt Name": "Nitric oxide synthase, inducible",
        "Fragment Name": "1-(1,3-BENZODIOXOL-5-YL)METHANAMINE",
        "Fragment ID": "MR1"
    }
}