{
    "Entry Name": "NCA_Q10588", 
    "Structures": [
        {
            "Ligand ID": "NCA",
            "Chain": "A",
            "Binding Affinity": [
                {
                    "Source": "-",
                    "Affinity": "-"
                }
            ],
            "Molecular Weight": 122.12,
            "Residue ID": 303,
            "PDB ID": "1ISM"
        },
        {
            "Ligand ID": "NMN",
            "Chain": "A",
            "Binding Affinity": [
                {
                    "Source": "-",
                    "Affinity": "-"
                }
            ],
            "Molecular Weight": 335.23,
            "Residue ID": 1001,
            "PDB ID": "1ISJ"
        }
    ],
    "Substructure Relationships": [
        [
            "NMN"
        ]
    ],
    "Summary: {
        "UniProt Accession": "Q10588",
        "Fragment SMILES": "c1cc(cnc1)C(=O)N",
        "Number of Ligands": 1,
        "UniProt Name": "ADP-ribosyl cyclase/cyclic ADP-ribose hydrolase 2",
        "Fragment Name": "NICOTINAMIDE",
        "Fragment ID": "NCA"
    }
}