{
    "Entry Name": "NOJ_Q08638", 
    "Structures": [
        {
            "Ligand ID": "NOJ",
            "Chain": "A",
            "Binding Affinity": [
                {
                    "Source": "BINDINGMOAD",
                    "Affinity": "Kd = 4762 nM"
                },
                {
                    "Source": "PDBBIND",
                    "Affinity": "Kd = 4800 nM"
                }
            ],
            "Molecular Weight": 163.17,
            "Residue ID": 1447,
            "PDB ID": "1OIM"
        },
        {
            "Ligand ID": "LGS",
            "Chain": "C",
            "Binding Affinity": [
                {
                    "Source": "BINDINGMOAD",
                    "Affinity": "Ki = 35200 nM"
                },
                {
                    "Source": "PDBBIND",
                    "Affinity": "Ki = 35200 nM"
                }
            ],
            "Molecular Weight": 316.39,
            "Residue ID": 1446,
            "PDB ID": "2WBG"
        }
    ],
    "Substructure Relationships": [
        [
            "LGS"
        ]
    ],
    "Summary: {
        "UniProt Accession": "Q08638",
        "Fragment SMILES": "C1[C@@H]([C@H]([C@@H]([C@H](N1)CO)O)O)O",
        "Number of Ligands": 1,
        "UniProt Name": "Beta-glucosidase A",
        "Fragment Name": "1-DEOXYNOJIRIMYCIN",
        "Fragment ID": "NOJ"
    }
}