{
    "Entry Name": "TDR_Q8K4Z3", 
    "Structures": [
        {
            "Ligand ID": "TDR",
            "Chain": "A",
            "Binding Affinity": [
                {
                    "Source": "-",
                    "Affinity": "-"
                }
            ],
            "Molecular Weight": 126.11,
            "Residue ID": 300,
            "PDB ID": "3RO7"
        },
        {
            "Ligand ID": "THM",
            "Chain": "F",
            "Binding Affinity": [
                {
                    "Source": "-",
                    "Affinity": "-"
                }
            ],
            "Molecular Weight": 242.23,
            "Residue ID": 265,
            "PDB ID": "3ROE"
        },
        {
            "Ligand ID": "T3P",
            "Chain": "A",
            "Binding Affinity": [
                {
                    "Source": "-",
                    "Affinity": "-"
                }
            ],
            "Molecular Weight": 322.21,
            "Residue ID": 265,
            "PDB ID": "3ROG"
        }
    ],
    "Substructure Relationships": [
        [
            "THM",
            "T3P"
        ]
    ],
    "Summary: {
        "UniProt Accession": "Q8K4Z3",
        "Fragment SMILES": "CC1=CNC(=O)NC1=O",
        "Number of Ligands": 2,
        "UniProt Name": "NAD(P)H-hydrate epimerase",
        "Fragment Name": "THYMINE",
        "Fragment ID": "TDR"
    }
}