{
    "Entry Name": "TDR_Q6PL18", 
    "Structures": [
        {
            "Ligand ID": "TDR",
            "Chain": "A",
            "Binding Affinity": [
                {
                    "Source": "-",
                    "Affinity": "-"
                }
            ],
            "Molecular Weight": 126.11,
            "Residue ID": 1210,
            "PDB ID": "4QSU"
        },
        {
            "Ligand ID": "38S",
            "Chain": "A",
            "Binding Affinity": [
                {
                    "Source": "-",
                    "Affinity": "-"
                }
            ],
            "Molecular Weight": 226.23,
            "Residue ID": 1207,
            "PDB ID": "4QSX"
        },
        {
            "Ligand ID": "THM",
            "Chain": "A",
            "Binding Affinity": [
                {
                    "Source": "-",
                    "Affinity": "-"
                }
            ],
            "Molecular Weight": 242.23,
            "Residue ID": 1210,
            "PDB ID": "4QSV"
        },
        {
            "Ligand ID": "38T",
            "Chain": "A",
            "Binding Affinity": [
                {
                    "Source": "-",
                    "Affinity": "-"
                }
            ],
            "Molecular Weight": 258.23,
            "Residue ID": 1207,
            "PDB ID": "4QSW"
        }
    ],
    "Substructure Relationships": [
        [
            "38S",
            "THM",
            "38T"
        ]
    ],
    "Summary: {
        "UniProt Accession": "Q6PL18",
        "Fragment SMILES": "CC1=CNC(=O)NC1=O",
        "Number of Ligands": 3,
        "UniProt Name": "ATPase family AAA domain-containing protein 2",
        "Fragment Name": "THYMINE",
        "Fragment ID": "TDR"
    }
}