{
    "Entry Name": "TYL_Q92793", 
    "Structures": [
        {
            "Ligand ID": "TYL",
            "Chain": "B",
            "Binding Affinity": [
                {
                    "Source": "-",
                    "Affinity": "-"
                }
            ],
            "Molecular Weight": 151.16,
            "Residue ID": 2198,
            "PDB ID": "4A9K"
        },
        {
            "Ligand ID": "68Y",
            "Chain": "A",
            "Binding Affinity": [
                {
                    "Source": "-",
                    "Affinity": "-"
                }
            ],
            "Molecular Weight": 296.36,
            "Residue ID": 1202,
            "PDB ID": "5I83"
        }
    ],
    "Substructure Relationships": [
        [
            "68Y"
        ]
    ],
    "Summary: {
        "UniProt Accession": "Q92793",
        "Fragment SMILES": "CC(=O)Nc1ccc(cc1)O",
        "Number of Ligands": 1,
        "UniProt Name": "CREB-binding protein",
        "Fragment Name": "N-(4-HYDROXYPHENYL)ACETAMIDE (TYLENOL)",
        "Fragment ID": "TYL"
    }
}