{
    "Entry Name": "3PF_O60885", 
    "Structures": [
        {
            "Ligand ID": "3PF",
            "Chain": "A",
            "Binding Affinity": [
                {
                    "Source": "BINDINGDB",
                    "Affinity": "IC50 = 39000 nM "
                },
                {
                    "Source": "BINDINGDB",
                    "Affinity": "Kd = 17000 - 102000 nM "
                }
            ],
            "Molecular Weight": 162.19,
            "Residue ID": 201,
            "PDB ID": "4DON"
        },
        {
            "Ligand ID": "14Z",
            "Chain": "A",
            "Binding Affinity": [
                {
                    "Source": "BINDINGDB",
                    "Affinity": "IC50 = 1900 nM "
                },
                {
                    "Source": "BINDINGMOAD",
                    "Affinity": "IC50 = 4800 nM"
                },
                {
                    "Source": "PDBBIND",
                    "Affinity": "IC50 = 4800 nM"
                }
            ],
            "Molecular Weight": 269.32,
            "Residue ID": 202,
            "PDB ID": "4HBW"
        },
        {
            "Ligand ID": "14X",
            "Chain": "A",
            "Binding Affinity": [
                {
                    "Source": "BINDINGDB",
                    "Affinity": "IC50 = 4800 nM "
                },
                {
                    "Source": "BINDINGMOAD",
                    "Affinity": "IC50 = 1900 nM"
                },
                {
                    "Source": "PDBBIND",
                    "Affinity": "IC50 = 1900 nM"
                }
            ],
            "Molecular Weight": 295.36,
            "Residue ID": 201,
            "PDB ID": "4HBX"
        },
        {
            "Ligand ID": "13F",
            "Chain": "A",
            "Binding Affinity": [
                {
                    "Source": "BINDINGDB",
                    "Affinity": "IC50 = 4400 nM "
                },
                {
                    "Source": "BINDINGMOAD",
                    "Affinity": "IC50 = 4400 nM"
                },
                {
                    "Source": "PDBBIND",
                    "Affinity": "IC50 = 4400 nM"
                }
            ],
            "Molecular Weight": 317.36,
            "Residue ID": 201,
            "PDB ID": "4HBY"
        },
        {
            "Ligand ID": "P9L",
            "Chain": "A",
            "Binding Affinity": [
                {
                    "Source": "BINDINGDB",
                    "Affinity": "IC50 = 30000 nM "
                }
            ],
            "Molecular Weight": 325.38,
            "Residue ID": 1171,
            "PDB ID": "4A9L"
        },
        {
            "Ligand ID": "0NS",
            "Chain": "A",
            "Binding Affinity": [
                {
                    "Source": "BINDINGDB",
                    "Affinity": "IC50 = 220 - 3540 nM "
                },
                {
                    "Source": "BINDINGDB",
                    "Affinity": "Kd = 136 nM "
                },
                {
                    "Source": "BINDINGMOAD",
                    "Affinity": "IC50 = 220 nM"
                }
            ],
            "Molecular Weight": 347.39,
            "Residue ID": 201,
            "PDB ID": "4E96"
        }
    ],
    "Substructure Relationships": [
        [
            "13F"
        ],
        [
            "0NS"
        ],
        [
            "14Z",
            "14X"
        ],
        [
            "14Z",
            "P9L"
        ]
    ],
    "Summary: {
        "UniProt Accession": "O60885",
        "Fragment SMILES": "CN1Cc2ccccc2NC1=O",
        "Number of Ligands": 5,
        "UniProt Name": "Bromodomain-containing protein 4",
        "Fragment Name": "3-methyl-3,4-dihydroquinazolin-2(1H)-one",
        "Fragment ID": "3PF"
    }
}