{
    "Entry Name": "M3T_P00918", 
    "Structures": [
        {
            "Ligand ID": "M3T",
            "Chain": "A",
            "Binding Affinity": [
                {
                    "Source": "-",
                    "Affinity": "-"
                }
            ],
            "Molecular Weight": 124.2,
            "Residue ID": 302,
            "PDB ID": "4Q9Y"
        },
        {
            "Ligand ID": "E02",
            "Chain": "A",
            "Binding Affinity": [
                {
                    "Source": "BINDINGDB",
                    "Affinity": "Kd = 530 - 1600 nM "
                }
            ],
            "Molecular Weight": 349.79,
            "Residue ID": 263,
            "PDB ID": "3M98"
        },
        {
            "Ligand ID": "BL1",
            "Chain": "A",
            "Binding Affinity": [
                {
                    "Source": "BINDINGDB",
                    "Affinity": "Ki = 2520 - 2520000 nM "
                },
                {
                    "Source": "BINDINGDB",
                    "Affinity": "Kd = 200 - 300 nM "
                },
                {
                    "Source": "BINDINGMOAD",
                    "Affinity": "Ki = 2520 nM"
                },
                {
                    "Source": "PDBBIND",
                    "Affinity": "Ki = 2520 nM"
                }
            ],
            "Molecular Weight": 365.83,
            "Residue ID": 300,
            "PDB ID": "3BL1"
        },
        {
            "Ligand ID": "E49",
            "Chain": "A",
            "Binding Affinity": [
                {
                    "Source": "BINDINGDB",
                    "Affinity": "Kd = 150 - 220 nM "
                },
                {
                    "Source": "BINDINGMOAD",
                    "Affinity": "Kd = 220 nM"
                },
                {
                    "Source": "PDBBIND",
                    "Affinity": "Kd = 150 nM"
                }
            ],
            "Molecular Weight": 371.86,
            "Residue ID": 266,
            "PDB ID": "3S9T"
        },
        {
            "Ligand ID": "E50",
            "Chain": "A",
            "Binding Affinity": [
                {
                    "Source": "BINDINGDB",
                    "Affinity": "Kd = 140 - 270 nM "
                },
                {
                    "Source": "BINDINGMOAD",
                    "Affinity": "Kd = 140 nM"
                },
                {
                    "Source": "PDBBIND",
                    "Affinity": "Kd = 270 nM"
                }
            ],
            "Molecular Weight": 371.86,
            "Residue ID": 263,
            "PDB ID": "3SAX"
        },
        {
            "Ligand ID": "E27",
            "Chain": "A",
            "Binding Affinity": [
                {
                    "Source": "BINDINGMOAD",
                    "Affinity": "Kd = 30 nM"
                },
                {
                    "Source": "PDBBIND",
                    "Affinity": "Kd = 30 nM"
                }
            ],
            "Molecular Weight": 432.9,
            "Residue ID": 266,
            "PDB ID": "3MYQ"
        },
        {
            "Ligand ID": "E38",
            "Chain": "A",
            "Binding Affinity": [
                {
                    "Source": "BINDINGMOAD",
                    "Affinity": "Kd = 60 nM"
                },
                {
                    "Source": "PDBBIND",
                    "Affinity": "Kd = 60 nM"
                }
            ],
            "Molecular Weight": 460.75,
            "Residue ID": 265,
            "PDB ID": "3M96"
        }
    ],
    "Substructure Relationships": [
        [
            "E02"
        ],
        [
            "BL1"
        ],
        [
            "E49"
        ],
        [
            "E50"
        ],
        [
            "E27"
        ],
        [
            "E38"
        ]
    ],
    "Summary: {
        "UniProt Accession": "P00918",
        "Fragment SMILES": "Cc1cccc(c1)S",
        "Number of Ligands": 6,
        "UniProt Name": "Carbonic anhydrase 2",
        "Fragment Name": "3-methylbenzenethiol",
        "Fragment ID": "M3T"
    }
}