{
    "Entry Name": "SHI_P19491", 
    "Structures": [
        {
            "Ligand ID": "SHI",
            "Chain": "A",
            "Binding Affinity": [
                {
                    "Source": "BINDINGMOAD",
                    "Affinity": "IC50 = 170 nM"
                },
                {
                    "Source": "PDBBIND",
                    "Affinity": "IC50 = 170 nM"
                }
            ],
            "Molecular Weight": 172.14,
            "Residue ID": 2001,
            "PDB ID": "1MS7"
        },
        {
            "Ligand ID": "AMQ",
            "Chain": "A",
            "Binding Affinity": [
                {
                    "Source": "PDBBIND",
                    "Affinity": "Ki = 17 nM"
                }
            ],
            "Molecular Weight": 186.16,
            "Residue ID": 602,
            "PDB ID": "1MY2"
        },
        {
            "Ligand ID": "AT1",
            "Chain": "A",
            "Binding Affinity": [
                {
                    "Source": "BINDINGMOAD",
                    "Affinity": "IC50 = 12200 nM"
                },
                {
                    "Source": "PDBBIND",
                    "Affinity": "IC50 = 12200 nM"
                }
            ],
            "Molecular Weight": 322.25,
            "Residue ID": 264,
            "PDB ID": "1N0T"
        }
    ],
    "Substructure Relationships": [
        [
            "AMQ",
            "AT1"
        ]
    ],
    "Summary: {
        "UniProt Accession": "P19491",
        "Fragment SMILES": "c1c(c(no1)O)C[C@@H](C(=O)O)N",
        "Number of Ligands": 2,
        "UniProt Name": "Glutamate receptor 2",
        "Fragment Name": "(S)-2-AMINO-3-(3-HYDROXY-ISOXAZOL-4-YL)PROPIONIC ACID",
        "Fragment ID": "SHI"
    }
}