{
    "Entry Name": "GAL_P54818", 
    "Structures": [
        {
            "Ligand ID": "GAL",
            "Chain": "A",
            "Binding Affinity": [
                {
                    "Source": "-",
                    "Affinity": "-"
                }
            ],
            "Molecular Weight": 180.16,
            "Residue ID": 1001,
            "PDB ID": "4CCE"
        },
        {
            "Ligand ID": "147",
            "Chain": "A",
            "Binding Affinity": [
                {
                    "Source": "-",
                    "Affinity": "-"
                }
            ],
            "Molecular Weight": 301.25,
            "Residue ID": 1001,
            "PDB ID": "4CCC"
        }
    ],
    "Substructure Relationships": [
        [
            "147"
        ]
    ],
    "Summary: {
        "UniProt Accession": "P54818",
        "Fragment SMILES": "C([C@@H]1[C@@H]([C@@H]([C@H]([C@@H](O1)O)O)O)O)O",
        "Number of Ligands": 1,
        "UniProt Name": "Galactocerebrosidase",
        "Fragment Name": "BETA-D-GALACTOSE",
        "Fragment ID": "GAL"
    }
}