{
    "apo": ["1N72_A", "3GG3_A", "3GG3_B", "5FE5_A", "5FE6_B", "5FE7_B", "5FE8_B", "5LVQ_B", "5LVR_B"],
    "entry_name": "12Q_Q92831", 
    "structures": [
        {
            "lig": "12Q",
            "chain": "A",
            "bind": [
                {
                    "source": "-",
                    "affinity": "-"
                }
            ],
            "mw": 159.19,
            "resi": 901,
            "pdb": "5FE1"
        },
        {
            "lig": "5WS",
            "chain": "B",
            "bind": [
                {
                    "source": "-",
                    "affinity": "-"
                }
            ],
            "mw": 266.32,
            "resi": 901,
            "pdb": "5FE9"
        }
    ],
    "substructures": [
        [
            "5WS"
        ]
    ],
    "summary": {
        "UniProt Accession": "Q92831",
        "Fragment SMILES": "CN1c2ccccc2C=CC1=O",
        "Number of Ligands": 1,
        "UniProt Name": "Histone acetyltransferase KAT2B",
        "Fragment Name": "1-METHYLQUINOLIN-2(1H)-ONE",
        "Fragment ID": "12Q"
    }
}