{
    "apo": ["1HX1_A", "2QW9_A", "2QW9_B", "3CQX_A", "3CQX_B", "4H5N_A", "4H5N_B", "4H5R_A", "4H5R_B", "4H5V_A", "4H5W_A", "4H5W_B", "4HWI_A", "5AQL_A", "5AQL_C", "5AQM_A", "5AQM_C"],
    "entry_name": "1LQ_P11142", 
    "structures": [
        {
            "lig": "1LQ",
            "chain": "E",
            "bind": [
                {
                    "source": "-",
                    "affinity": "-"
                }
            ],
            "mw": 145.16,
            "resi": 1382,
            "pdb": "5AQP"
        },
        {
            "lig": "5P7",
            "chain": "A",
            "bind": [
                {
                    "source": "-",
                    "affinity": "-"
                }
            ],
            "mw": 275.3,
            "resi": 1381,
            "pdb": "5AQT"
        },
        {
            "lig": "UX0",
            "chain": "A",
            "bind": [
                {
                    "source": "-",
                    "affinity": "-"
                }
            ],
            "mw": 305.33,
            "resi": 1388,
            "pdb": "5AQU"
        },
        {
            "lig": "KC7",
            "chain": "A",
            "bind": [
                {
                    "source": "-",
                    "affinity": "-"
                }
            ],
            "mw": 381.43,
            "resi": 1382,
            "pdb": "5AQV"
        }
    ],
    "substructures": [
        [
            "5P7",
            "UX0",
            "KC7"
        ]
    ],
    "summary": {
        "UniProt Accession": "P11142",
        "Fragment SMILES": "c1ccc2c(c1)c(ncn2)N",
        "Number of Ligands": 3,
        "UniProt Name": "Heat shock cognate 71 kDa protein",
        "Fragment Name": "quinazolin-4-amine",
        "Fragment ID": "1LQ"
    }
}