{
    "apo": ["1UYL_A", "1YER_A", "1YES_A", "2K5B_A", "2QFO_B", "2YEG_A", "3B26_B", "3T0H_A", "5J2V_A", "5J80_A"],
    "entry_name": "2AE_P07900", 
    "structures": [
        {
            "lig": "2AE",
            "chain": "A",
            "bind": [
                {
                    "source": "BINDINGDB",
                    "affinity": "IC50 = >4000000 nM "
                }
            ],
            "mw": 136.15,
            "resi": 1224,
            "pdb": "2YE6"
        },
        {
            "lig": "SNX",
            "chain": "A",
            "bind": [
                {
                    "source": "BINDINGMOAD",
                    "affinity": "Kd = 290 nM"
                },
                {
                    "source": "PDBBIND",
                    "affinity": "Kd = 290 nM"
                }
            ],
            "mw": 377.44,
            "resi": 233,
            "pdb": "3D0B"
        },
        {
            "lig": "2LC",
            "chain": "A",
            "bind": [
                {
                    "source": "BINDINGDB",
                    "affinity": "IC50 = 30 nM "
                },
                {
                    "source": "BINDINGMOAD",
                    "affinity": "Ki = 3 nM"
                }
            ],
            "mw": 399.46,
            "resi": 301,
            "pdb": "4NH8"
        },
        {
            "lig": "05S",
            "chain": "A",
            "bind": [
                {
                    "source": "BINDINGDB",
                    "affinity": "IC50 = 110 nM "
                },
                {
                    "source": "BINDINGMOAD",
                    "affinity": "IC50 = 110 nM"
                },
                {
                    "source": "PDBBIND",
                    "affinity": "IC50 = 110 nM"
                }
            ],
            "mw": 408.54,
            "resi": 1,
            "pdb": "3QTF"
        },
        {
            "lig": "06J",
            "chain": "A",
            "bind": [
                {
                    "source": "BINDINGDB",
                    "affinity": "IC50 = 96 nM "
                },
                {
                    "source": "BINDINGMOAD",
                    "affinity": "IC50 = 883 nM"
                },
                {
                    "source": "PDBBIND",
                    "affinity": "IC50 = 96 nM"
                }
            ],
            "mw": 434.57,
            "resi": 1,
            "pdb": "3R92"
        },
        {
            "lig": "06H",
            "chain": "A",
            "bind": [
                {
                    "source": "BINDINGMOAD",
                    "affinity": "IC50 = 92 nM"
                },
                {
                    "source": "PDBBIND",
                    "affinity": "IC50 = 92 nM"
                }
            ],
            "mw": 436.55,
            "resi": 1,
            "pdb": "3R91"
        },
        {
            "lig": "SD1",
            "chain": "P",
            "bind": [
                {
                    "source": "-",
                    "affinity": "-"
                }
            ],
            "mw": 477.55,
            "resi": 233,
            "pdb": "3MNR"
        },
        {
            "lig": "06T",
            "chain": "A",
            "bind": [
                {
                    "source": "BINDINGDB",
                    "affinity": "IC50 = 83 nM "
                },
                {
                    "source": "BINDINGMOAD",
                    "affinity": "IC50 = 83 nM"
                },
                {
                    "source": "PDBBIND",
                    "affinity": "IC50 = 83 nM"
                }
            ],
            "mw": 493.64,
            "resi": 1,
            "pdb": "3RKZ"
        },
        {
            "lig": "99B",
            "chain": "B",
            "bind": [
                {
                    "source": "BINDINGMOAD",
                    "affinity": "IC50 = 24 nM"
                },
                {
                    "source": "PDBBIND",
                    "affinity": "IC50 = 24 nM"
                }
            ],
            "mw": 503.64,
            "resi": 1225,
            "pdb": "4AWO"
        }
    ],
    "substructures": [
        [
            "SNX"
        ],
        [
            "2LC"
        ],
        [
            "06J"
        ],
        [
            "SD1"
        ],
        [
            "06T"
        ],
        [
            "99B"
        ],
        [
            "05S",
            "06H"
        ]
    ],
    "summary": {
        "UniProt Accession": "P07900",
        "Fragment SMILES": "c1ccc(c(c1)C(=O)N)N",
        "Number of Ligands": 8,
        "UniProt Name": "Heat shock protein HSP 90-alpha",
        "Fragment Name": "2-AMINO-BENZAMIDE",
        "Fragment ID": "2AE"
    }
}