{
    "apo": ["1SGZ_A", "1SGZ_B", "1SGZ_C", "1SGZ_D", "1W50_A", "1XN3_A", "1XN3_B", "1XN3_D", "2ZHS_A", "2ZHT_A", "2ZHU_A", "2ZHV_A", "3HVG_C", "3L59_B", "3R1G_B", "3TPJ_A", "3TPL_A", "3TPL_B", "3TPL_C"],
    "entry_name": "2AQ_P56817", 
    "structures": [
        {
            "lig": "2AQ",
            "chain": "A",
            "bind": [
                {
                    "source": "BINDINGDB",
                    "affinity": "IC50 = 800000 - 2000000 nM "
                },
                {
                    "source": "BINDINGDB",
                    "affinity": "Kd = 900000 nM "
                },
                {
                    "source": "PDBBIND",
                    "affinity": "Kd = 900000 nM"
                }
            ],
            "mw": 144.17,
            "resi": 390,
            "pdb": "2OHL"
        },
        {
            "lig": "RTH",
            "chain": "A",
            "bind": [
                {
                    "source": "BINDINGDB",
                    "affinity": "Kd = 6100 nM "
                },
                {
                    "source": "PDBBIND",
                    "affinity": "Kd = 6100 nM"
                }
            ],
            "mw": 300.4,
            "resi": 397,
            "pdb": "3RTH"
        },
        {
            "lig": "RTN",
            "chain": "A",
            "bind": [
                {
                    "source": "BINDINGDB",
                    "affinity": "IC50 = 74 nM "
                },
                {
                    "source": "PDBBIND",
                    "affinity": "IC50 = 74 nM"
                }
            ],
            "mw": 387.52,
            "resi": 401,
            "pdb": "3RTN"
        },
        {
            "lig": "3RS",
            "chain": "A",
            "bind": [
                {
                    "source": "BINDINGDB",
                    "affinity": "IC50 = 0.7 - 18 nM "
                },
                {
                    "source": "BINDINGMOAD",
                    "affinity": "IC50 = 0.7 nM"
                },
                {
                    "source": "PDBBIND",
                    "affinity": "IC50 = 0.7 nM"
                }
            ],
            "mw": 431.57,
            "resi": 400,
            "pdb": "3RSV"
        },
        {
            "lig": "RVI",
            "chain": "A",
            "bind": [
                {
                    "source": "BINDINGDB",
                    "affinity": "IC50 = 11 nM "
                },
                {
                    "source": "PDBBIND",
                    "affinity": "IC50 = 11 nM"
                }
            ],
            "mw": 443.62,
            "resi": 402,
            "pdb": "3RVI"
        }
    ],
    "substructures": [
        [
            "RTH"
        ],
        [
            "RTN"
        ],
        [
            "3RS"
        ],
        [
            "RVI"
        ]
    ],
    "summary": {
        "UniProt Accession": "P56817",
        "Fragment SMILES": "c1ccc2c(c1)ccc(n2)N",
        "Number of Ligands": 4,
        "UniProt Name": "Beta-secretase 1",
        "Fragment Name": "QUINOLIN-2-AMINE",
        "Fragment ID": "2AQ"
    }
}