{
    "apo": ["1UYL_A", "1YER_A", "1YES_A", "2K5B_A", "2QFO_B", "2YEG_A", "3B26_B", "3T0H_A", "5J2V_A", "5J80_A"],
    "entry_name": "42C_P07900", 
    "structures": [
        {
            "lig": "42C",
            "chain": "A",
            "bind": [
                {
                    "source": "-",
                    "affinity": "-"
                }
            ],
            "mw": 163.18,
            "resi": 237,
            "pdb": "3HZ1"
        },
        {
            "lig": "Z64",
            "chain": "A",
            "bind": [
                {
                    "source": "-",
                    "affinity": "-"
                }
            ],
            "mw": 351.41,
            "resi": 237,
            "pdb": "3HZ5"
        }
    ],
    "substructures": [
        [
            "Z64"
        ]
    ],
    "summary": {
        "UniProt Accession": "P07900",
        "Fragment SMILES": "CN(C)c1c2c(nc[nH]2)ncn1",
        "Number of Ligands": 1,
        "UniProt Name": "Heat shock protein HSP 90-alpha",
        "Fragment Name": "N,N-dimethyl-7H-purin-6-amine",
        "Fragment ID": "42C"
    }
}