{
    "apo": ["1F8A_B", "1NMV_A", "1NMW_A", "1ZCN_A", "2F21_A", "2RUC_A", "2RUD_A", "2RUQ_A", "2RUR_A", "2ZQS_A", "2ZQT_A", "2ZQU_A", "2ZQV_A", "2ZR4_A", "2ZR5_A", "2ZR6_A", "3IK8_A", "3IK8_B", "3OOB_A", "4QIB_A", "4U84_A", "4U85_A", "4U86_A", "5GPH_A"],
    "entry_name": "4BX_Q13526", 
    "structures": [
        {
            "lig": "4BX",
            "chain": "A",
            "bind": [
                {
                    "source": "BINDINGDB",
                    "affinity": "IC50 = 740000 nM "
                },
                {
                    "source": "BINDINGMOAD",
                    "affinity": "IC50 = 740000 nM"
                },
                {
                    "source": "PDBBIND",
                    "affinity": "IC50 = 740000 nM"
                }
            ],
            "mw": 190.2,
            "resi": 1,
            "pdb": "3KAC"
        },
        {
            "lig": "4DH",
            "chain": "A",
            "bind": [
                {
                    "source": "BINDINGMOAD",
                    "affinity": "IC50 = 260 nM"
                },
                {
                    "source": "PDBBIND",
                    "affinity": "IC50 = 260 nM"
                }
            ],
            "mw": 389.41,
            "resi": 165,
            "pdb": "3KAH"
        }
    ],
    "substructures": [
        [
            "4DH"
        ]
    ],
    "summary": {
        "UniProt Accession": "Q13526",
        "Fragment SMILES": "c1ccc2c(c1)[nH]c(n2)CCC(=O)O",
        "Number of Ligands": 1,
        "UniProt Name": "Peptidyl-prolyl cis-trans isomerase NIMA-interacting 1",
        "Fragment Name": "3-(1H-benzimidazol-2-yl)propanoic acid",
        "Fragment ID": "4BX"
    }
}