{
    "apo": ["1JBU_H", "1KLJ_H"],
    "entry_name": "7XM_P08709", 
    "structures": [
        {
            "lig": "7XM",
            "chain": "B",
            "bind": [
                {
                    "source": "-",
                    "affinity": "-"
                }
            ],
            "mw": 159.19,
            "resi": 506,
            "pdb": "5PAW"
        },
        {
            "lig": "7XJ",
            "chain": "B",
            "bind": [
                {
                    "source": "-",
                    "affinity": "-"
                }
            ],
            "mw": 292.33,
            "resi": 501,
            "pdb": "5PAJ"
        },
        {
            "lig": "4T1",
            "chain": "H",
            "bind": [
                {
                    "source": "-",
                    "affinity": "-"
                }
            ],
            "mw": 465.55,
            "resi": 301,
            "pdb": "4ZXY"
        },
        {
            "lig": "7Z1",
            "chain": "B",
            "bind": [
                {
                    "source": "-",
                    "affinity": "-"
                }
            ],
            "mw": 484.56,
            "resi": 505,
            "pdb": "5PAM"
        },
        {
            "lig": "7ZA",
            "chain": "B",
            "bind": [
                {
                    "source": "-",
                    "affinity": "-"
                }
            ],
            "mw": 524.65,
            "resi": 505,
            "pdb": "5PAQ"
        },
        {
            "lig": "1OK",
            "chain": "H",
            "bind": [
                {
                    "source": "BINDINGMOAD",
                    "affinity": "Ki = 10 nM"
                },
                {
                    "source": "PDBBIND",
                    "affinity": "Ki = 10 nM"
                }
            ],
            "mw": 534.63,
            "resi": 301,
            "pdb": "4JYU"
        },
        {
            "lig": "67O",
            "chain": "H",
            "bind": [
                {
                    "source": "-",
                    "affinity": "-"
                }
            ],
            "mw": 543.59,
            "resi": 301,
            "pdb": "5I46"
        },
        {
            "lig": "1NK",
            "chain": "H",
            "bind": [
                {
                    "source": "BINDINGDB",
                    "affinity": "IC50 = 7 nM "
                },
                {
                    "source": "BINDINGMOAD",
                    "affinity": "IC50 = 7 nM"
                },
                {
                    "source": "PDBBIND",
                    "affinity": "IC50 = 7 nM"
                }
            ],
            "mw": 557.6,
            "resi": 301,
            "pdb": "4JZE"
        },
        {
            "lig": "2KE",
            "chain": "H",
            "bind": [
                {
                    "source": "-",
                    "affinity": "-"
                }
            ],
            "mw": 563.67,
            "resi": 301,
            "pdb": "4NG9"
        },
        {
            "lig": "7KR",
            "chain": "H",
            "bind": [
                {
                    "source": "-",
                    "affinity": "-"
                }
            ],
            "mw": 569.67,
            "resi": 301,
            "pdb": "5TQF"
        },
        {
            "lig": "7KQ",
            "chain": "H",
            "bind": [
                {
                    "source": "-",
                    "affinity": "-"
                }
            ],
            "mw": 585.67,
            "resi": 301,
            "pdb": "5TQE"
        },
        {
            "lig": "4T0",
            "chain": "H",
            "bind": [
                {
                    "source": "-",
                    "affinity": "-"
                }
            ],
            "mw": 585.72,
            "resi": 301,
            "pdb": "4ZXX"
        },
        {
            "lig": "2KF",
            "chain": "H",
            "bind": [
                {
                    "source": "-",
                    "affinity": "-"
                }
            ],
            "mw": 590.73,
            "resi": 301,
            "pdb": "4NGA"
        },
        {
            "lig": "70A",
            "chain": "H",
            "bind": [
                {
                    "source": "BINDINGDB",
                    "affinity": "Ki = 0.1 - 230 nM "
                }
            ],
            "mw": 617.7,
            "resi": 301,
            "pdb": "5L30"
        },
        {
            "lig": "70D",
            "chain": "H",
            "bind": [
                {
                    "source": "-",
                    "affinity": "-"
                }
            ],
            "mw": 625.69,
            "resi": 301,
            "pdb": "5L2Y"
        },
        {
            "lig": "70C",
            "chain": "H",
            "bind": [
                {
                    "source": "-",
                    "affinity": "-"
                }
            ],
            "mw": 653.74,
            "resi": 301,
            "pdb": "5L2Z"
        },
        {
            "lig": "7KS",
            "chain": "H",
            "bind": [
                {
                    "source": "-",
                    "affinity": "-"
                }
            ],
            "mw": 681.72,
            "resi": 301,
            "pdb": "5TQG"
        }
    ],
    "substructures": [
        [
            "7XJ"
        ],
        [
            "4T1"
        ],
        [
            "7Z1"
        ],
        [
            "7ZA"
        ],
        [
            "1OK"
        ],
        [
            "67O"
        ],
        [
            "1NK"
        ],
        [
            "2KE"
        ],
        [
            "7KQ"
        ],
        [
            "4T0"
        ],
        [
            "2KF"
        ],
        [
            "70A"
        ],
        [
            "70D"
        ],
        [
            "70C"
        ],
        [
            "7KR",
            "7KS"
        ]
    ],
    "summary": {
        "UniProt Accession": "P08709",
        "Fragment SMILES": "c1cc2c(ccnc2N)cc1N",
        "Number of Ligands": 16,
        "UniProt Name": "Coagulation factor VII",
        "Fragment Name": "isoquinoline-1,6-diamine",
        "Fragment ID": "7XM"
    }
}