{
    "apo": ["1SGZ_A", "1SGZ_B", "1SGZ_C", "1SGZ_D", "1W50_A", "1XN3_A", "1XN3_B", "1XN3_D", "2ZHS_A", "2ZHT_A", "2ZHU_A", "2ZHV_A", "3HVG_C", "3L59_B", "3R1G_B", "3TPJ_A", "3TPL_A", "3TPL_B", "3TPL_C"],
    "entry_name": "8AP_P56817", 
    "structures": [
        {
            "lig": "8AP",
            "chain": "A",
            "bind": [
                {
                    "source": "BINDINGDB",
                    "affinity": "IC50 = 310000 nM "
                },
                {
                    "source": "PDBBIND",
                    "affinity": "IC50 = 310000 nM"
                }
            ],
            "mw": 199.25,
            "resi": 389,
            "pdb": "2OHM"
        },
        {
            "lig": "IP6",
            "chain": "A",
            "bind": [
                {
                    "source": "BINDINGDB",
                    "affinity": "IC50 = 9100 nM "
                },
                {
                    "source": "BINDINGMOAD",
                    "affinity": "IC50 = 9100 nM"
                },
                {
                    "source": "PDBBIND",
                    "affinity": "IC50 = 9100 nM"
                }
            ],
            "mw": 314.38,
            "resi": 601,
            "pdb": "2OHT"
        },
        {
            "lig": "IP7",
            "chain": "A",
            "bind": [
                {
                    "source": "BINDINGDB",
                    "affinity": "IC50 = 4200 nM "
                },
                {
                    "source": "BINDINGMOAD",
                    "affinity": "IC50 = 4200 nM"
                },
                {
                    "source": "PDBBIND",
                    "affinity": "IC50 = 4200 nM"
                }
            ],
            "mw": 421.49,
            "resi": 390,
            "pdb": "2OHU"
        }
    ],
    "substructures": [
        [
            "IP6",
            "IP7"
        ]
    ],
    "summary": {
        "UniProt Accession": "P56817",
        "Fragment SMILES": "c1ccc(cc1)CNc2cccnc2N",
        "Number of Ligands": 2,
        "UniProt Name": "Beta-secretase 1",
        "Fragment Name": "N~3~-BENZYLPYRIDINE-2,3-DIAMINE",
        "Fragment ID": "8AP"
    }
}