{
    "apo": ["5PNX_B", "5PNY_A", "5PNY_B", "5PNZ_A", "5PNZ_B", "5PO0_B", "5PO1_A", "5PO2_B", "5PO3_A", "5PO4_A", "5PO4_B", "5PO5_A", "5PO5_B", "5PO6_B", "5POA_A", "5POA_B", "5POC_B", "5POT_B", "5POU_A", "5POX_B", "5POZ_B", "5PP0_A", "5PP1_A", "5PP1_B", "5PP2_A", "5PP2_B", "5PP3_A", "5PP3_B", "5PP4_A", "5PP4_B", "5PP5_A", "5PP5_B", "5PP6_A", "5PP6_B", "5PP7_A", "5PP7_B", "5PP8_A", "5PP8_B", "5PP9_A", "5PP9_B", "5PPA_A", "5PPA_B", "5PPB_A", "5PPB_B", "5PPC_A", "5PPC_B", "5PPD_A", "5PPD_B", "5PPE_A", "5PPE_B", "5PPF_A", "5PPF_B", "5PPG_A", "5PPG_B", "5PPH_A", "5PPH_B", "5PPI_A", "5PPI_B", "5PPJ_A", "5PPJ_B", "5PPK_A", "5PPK_B", "5PPL_A", "5PPL_B", "5PPM_A", "5PPM_B", "5PPN_A", "5PPN_B", "5PPO_A", "5PPO_B", "5PPP_A", "5PPP_B", "5PPQ_A", "5PPQ_B", "5PPR_A", "5PPR_B", "5PPS_A", "5PPS_B", "5PPT_A", "5PPT_B", "5PPU_A", "5PPU_B", "5PPV_A", "5PPV_B", "5PPW_A", "5PPW_B", "5PPX_A", "5PPX_B", "5PPY_A", "5PPY_B", "5PPZ_A", "5PPZ_B", "5PQ0_A", "5PQ0_B", "5PQ1_A", "5PQ1_B", "5PQ2_A", "5PQ2_B", "5PQ3_A", "5PQ3_B", "5PQ4_A", "5PQ4_B", "5PQ5_A", "5PQ5_B", "5PQ6_A", "5PQ6_B", "5PQ7_A", "5PQ7_B", "5PQ8_A", "5PQ8_B", "5PQ9_A", "5PQ9_B", "5PQA_A", "5PQA_B", "5PQB_A", "5PQB_B", "5PQC_A", "5PQC_B", "5PQD_A", "5PQD_B", "5PQE_A", "5PQE_B", "5PQF_A", "5PQF_B", "5PQG_A", "5PQG_B", "5PQH_A", "5PQH_B", "5PQI_A", "5PQI_B", "5PQJ_A", "5PQJ_B", "5PQK_A", "5PQK_B", "5PQL_A", "5PQL_B", "5PQM_A", "5PQM_B", "5PQN_A", "5PQN_B", "5PQO_A", "5PQO_B", "5PQP_A", "5PQP_B", "5PQQ_A", "5PQQ_B", "5PQR_A", "5PQR_B", "5PQS_A", "5PQS_B", "5PQT_A", "5PQT_B", "5PQU_A", "5PQU_B", "5PQV_A", "5PQV_B", "5PQW_A", "5PQW_B", "5PQX_A", "5PQX_B", "5PQY_A", "5PQY_B", "5PQZ_A", "5PQZ_B", "5PR0_A", "5PR0_B", "5PR1_A", "5PR1_B", "5PR2_A", "5PR2_B", "5PR4_A", "5PR4_B", "5PR5_A", "5PR5_B", "5PR6_A", "5PR6_B", "5PR7_A", "5PR7_B", "5PR8_A", "5PR8_B", "5PR9_A", "5PR9_B", "5PRA_A", "5PRA_B", "5PRB_A", "5PRB_B", "5PRD_A", "5PRD_B", "5PRE_A", "5PRE_B", "5PRF_A", "5PRF_B", "5PRG_A", "5PRG_B", "5PRH_A", "5PRH_B", "5PRI_A", "5PRI_B", "5PRJ_A", "5PRJ_B", "5PRK_A", "5PRK_B", "5PRL_A", "5PRL_B", "5PRM_A", "5PRM_B", "5PRO_A", "5PRO_B", "5PRP_A", "5PRP_B", "5PRQ_A", "5PRQ_B", "5PRR_A", "5PRR_B", "5PRS_A", "5PRS_B", "5PRT_A", "5PRT_B", "5PRU_A", "5PRU_B", "5PRV_A", "5PRV_B", "5PRW_A", "5PRW_B", "5PRX_A", "5PRX_B", "5PRY_A", "5PRY_B", "5PRZ_A", "5PRZ_B", "5PS0_A", "5PS0_B", "5PS1_A", "5PS1_B", "5PS2_A", "5PS2_B", "5PS3_A", "5PS3_B", "5PS4_A", "5PS4_B", "5PS5_A", "5PS5_B", "5PS6_A", "5PS6_B", "5PS7_A", "5PS7_B", "5PS8_A", "5PS8_B", "5PS9_A", "5PS9_B", "5PSA_A", "5PSA_B", "5PSB_A", "5PSB_B", "5PSC_A", "5PSC_B", "5PSD_A", "5PSD_B", "5PSE_A", "5PSE_B", "5PSF_A", "5PSF_B", "5PSG_A", "5PSG_B", "5PSH_A", "5PSH_B", "5PSI_A", "5PSI_B", "5PSJ_A", "5PSJ_B", "5PSK_A", "5PSK_B", "5PSL_A", "5PSL_B", "5PSM_A", "5PSM_B", "5PSN_A", "5PSN_B", "5PSO_A", "5PSO_B", "5PSP_A", "5PSP_B", "5PSQ_A", "5PSQ_B", "5PSR_A", "5PSR_B", "5PSS_A", "5PSS_B", "5PST_A", "5PST_B", "5PSU_A", "5PSU_B", "5PSV_A", "5PSV_B", "5PSW_A", "5PSW_B", "5PSX_A", "5PSX_B", "5PSY_A", "5PSY_B", "5PSZ_A", "5PSZ_B", "5PT0_A", "5PT0_B", "5PT1_A", "5PT1_B", "5PT2_A", "5PT2_B", "5PT3_A", "5PT3_B", "5PT4_A", "5PT4_B", "5PT5_A", "5PT5_B", "5PT6_A", "5PT6_B", "5PT7_A", "5PT7_B", "5PT8_A", "5PT8_B", "5PT9_A", "5PT9_B", "5PTA_A", "5PTA_B", "5PTB_A", "5PTB_B", "5PTC_A", "5PTC_B", "5PTE_A", "5PTE_B", "5PTF_A", "5PTF_B", "5PTG_A", "5PTG_B", "5PTH_A", "5PTH_B", "5PTJ_A", "5PTJ_B", "5PTK_A", "5PTK_B", "5PTL_A", "5PTL_B", "5PTM_A", "5PTM_B", "5PTN_A", "5PTN_B", "5PTO_A", "5PTO_B", "5PTQ_A", "5PTQ_B", "5PTR_A", "5PTR_B", "5PTS_A", "5PTS_B", "5PTT_A", "5PTT_B", "5PTU_A", "5PTU_B", "5PTV_A", "5PTV_B", "5PTW_A", "5PTW_B", "5PTX_A", "5PTX_B", "5PTY_A", "5PTY_B", "5PTZ_A", "5PTZ_B", "5PU0_A", "5PU0_B", "5PU1_A", "5PU1_B", "5PU2_A", "5PU2_B", "5PU3_A", "5PU3_B", "5PU4_A", "5PU4_B", "5PU5_A", "5PU5_B", "5PU6_A", "5PU6_B", "5PU7_A", "5PU7_B", "5PU8_A", "5PU8_B", "5PU9_A", "5PU9_B", "5PUA_A", "5PUA_B", "5PUB_A", "5PUB_B", "5PUC_A", "5PUC_B", "5PUD_A", "5PUD_B", "5PUE_A", "5PUE_B", "5PUF_A", "5PUF_B", "5PUG_A", "5PUG_B", "5PUH_A", "5PUH_B", "5PUI_A", "5PUI_B", "5PUJ_A", "5PUJ_B", "5PUK_A", "5PUK_B", "5PUL_A", "5PUL_B", "5PUM_A", "5PUM_B", "5PUN_A", "5PUN_B", "5PUO_A", "5PUO_B", "5PUP_A", "5PUP_B", "5PUQ_A", "5PUQ_B", "5PUR_A", "5PUR_B", "5PUS_A", "5PUS_B", "5PUT_A", "5PUT_B", "5PUU_A", "5PUU_B", "5PUV_A", "5PUV_B", "5PUW_A", "5PUW_B", "5PUX_A", "5PUX_B", "5PUY_A", "5PUY_B", "5PUZ_A", "5PUZ_B", "5PV0_A", "5PV0_B", "5PV1_A", "5PV1_B", "5PV2_A", "5PV2_B", "5PV3_A", "5PV3_B", "5PV4_A", "5PV4_B", "5PV5_A", "5PV5_B", "5PV6_A", "5PV6_B", "5PV7_A", "5PV7_B", "5PV8_A", "5PV8_B", "5PV9_A", "5PV9_B", "5PVA_A", "5PVA_B", "5PVB_A", "5PVB_B", "5PVC_A", "5PVC_B", "5PVD_A", "5PVD_B", "5PVE_A", "5PVE_B", "5PVF_A", "5PVF_B", "5PVG_A", "5PVG_B", "5PVH_A", "5PVH_B", "5PVI_A", "5PVI_B", "5PVJ_A", "5PVJ_B", "5PVK_A", "5PVK_B", "5PVL_A", "5PVL_B", "5PVM_A", "5PVM_B", "5PVN_A", "5PVN_B", "5PVO_A", "5PVO_B", "5PVP_A", "5PVP_B", "5PVQ_A", "5PVQ_B", "5PVR_A", "5PVR_B", "5PVS_A", "5PVS_B", "5PVT_A", "5PVT_B", "5PVU_A", "5PVU_B", "5PVV_A", "5PVV_B", "5PVW_A", "5PVW_B", "5PVX_A", "5PVX_B", "5PVY_A", "5PVY_B", "5PVZ_A", "5PVZ_B", "5PW0_A", "5PW0_B", "5PW1_A", "5PW1_B", "5PW2_A", "5PW2_B", "5PW3_A", "5PW3_B", "5PW4_A", "5PW4_B", "5PW5_A", "5PW5_B", "5PW6_A", "5PW6_B", "5PW7_A", "5PW7_B", "5PW8_A", "5PW8_B", "5PW9_A", "5PW9_B", "5PWA_A", "5PWA_B", "5PWB_A", "5PWB_B"],
    "entry_name": "8T1_O95696", 
    "structures": [
        {
            "lig": "8T1",
            "chain": "A",
            "bind": [
                {
                    "source": "-",
                    "affinity": "-"
                }
            ],
            "mw": 174.2,
            "resi": 203,
            "pdb": "5POE"
        },
        {
            "lig": "8TG",
            "chain": "A",
            "bind": [
                {
                    "source": "-",
                    "affinity": "-"
                }
            ],
            "mw": 283.08,
            "resi": 203,
            "pdb": "5POC"
        }
    ],
    "substructures": [
        [
            "8TG"
        ]
    ],
    "summary": {
        "UniProt Accession": "O95696",
        "Fragment SMILES": "CN1c2ccc(cc2C=CC1=O)N",
        "Number of Ligands": 1,
        "UniProt Name": "Bromodomain-containing protein 1",
        "Fragment Name": "6-amino-1-methylquinolin-2(1H)-one",
        "Fragment ID": "8T1"
    }
}