{
    "apo": ["2DVQ_C", "2DVR_C", "2DVS_C", "2E3K_A", "2G4A_A", "3AQA_B", "3AQA_C", "4QEU_A", "5DFB_A", "5HEL_A", "5HEN_A", "5HEN_B", "5HEN_C", "5HFQ_A", "5IBN_A"],
    "entry_name": "A9P_P25440", 
    "structures": [
        {
            "lig": "A9P",
            "chain": "A",
            "bind": [
                {
                    "source": "BINDINGDB",
                    "affinity": "IC50 = 34300 nM "
                }
            ],
            "mw": 173.21,
            "resi": 1185,
            "pdb": "4ALH"
        },
        {
            "lig": "A9N",
            "chain": "B",
            "bind": [
                {
                    "source": "BINDINGMOAD",
                    "affinity": "IC50 = 1500 nM"
                },
                {
                    "source": "PDBBIND",
                    "affinity": "IC50 = 1500 nM"
                }
            ],
            "mw": 304.36,
            "resi": 1189,
            "pdb": "4A9N"
        },
        {
            "lig": "P9M",
            "chain": "B",
            "bind": [
                {
                    "source": "BINDINGDB",
                    "affinity": "IC50 = 500 nM "
                },
                {
                    "source": "BINDINGMOAD",
                    "affinity": "IC50 = 500 nM"
                },
                {
                    "source": "PDBBIND",
                    "affinity": "IC50 = 500 nM"
                }
            ],
            "mw": 334.43,
            "resi": 1187,
            "pdb": "4A9M"
        },
        {
            "lig": "1GH",
            "chain": "A",
            "bind": [
                {
                    "source": "BINDINGDB",
                    "affinity": "Ki = 9 - 50 nM "
                },
                {
                    "source": "BINDINGDB",
                    "affinity": "Kd = 55 - 70 nM "
                },
                {
                    "source": "BINDINGDB",
                    "affinity": "IC50 = 500 - 501.2 nM "
                },
                {
                    "source": "BINDINGMOAD",
                    "affinity": "IC50 = 500 nM"
                },
                {
                    "source": "PDBBIND",
                    "affinity": "IC50 = 500 nM"
                }
            ],
            "mw": 415.44,
            "resi": 1146,
            "pdb": "4ALG"
        }
    ],
    "substructures": [
        [
            "A9N"
        ],
        [
            "P9M"
        ],
        [
            "1GH"
        ]
    ],
    "summary": {
        "UniProt Accession": "P25440",
        "Fragment SMILES": "Cc1c(c(on1)C)c2ccccc2",
        "Number of Ligands": 3,
        "UniProt Name": "Bromodomain-containing protein 2",
        "Fragment Name": "3,5 DIMETHYL-4-PHENYL-1,2-OXAZOLE",
        "Fragment ID": "A9P"
    }
}