{
    "apo": ["3T9G_A", "4Z05_A", "4Z05_B"],
    "entry_name": "ADA_B9MKT4", 
    "structures": [
        {
            "lig": "ADA",
            "chain": "B",
            "bind": [
                {
                    "source": "-",
                    "affinity": "-"
                }
            ],
            "mw": 194.14,
            "resi": 210,
            "pdb": "4YZ0"
        },
        {
            "lig": "UNG",
            "chain": "A",
            "bind": [
                {
                    "source": "-",
                    "affinity": "-"
                }
            ],
            "mw": 352.25,
            "resi": 209,
            "pdb": "4EW9"
        }
    ],
    "substructures": [
        [
            "UNG"
        ]
    ],
    "summary": {
        "UniProt Accession": "B9MKT4",
        "Fragment SMILES": "[C@@H]1([C@H]([C@H](O[C@@H]([C@@H]1O)O)C(=O)O)O)O",
        "Number of Ligands": 1,
        "UniProt Name": "Pectate lyase",
        "Fragment Name": "ALPHA-D-GALACTOPYRANURONIC ACID",
        "Fragment ID": "ADA"
    }
}