{
    "apo": ["5NDD_A"],
    "entry_name": "ALE_P00720", 
    "structures": [
        {
            "lig": "ALE",
            "chain": "A",
            "bind": [
                {
                    "source": "BINDINGDB",
                    "affinity": "Ki = 360 - >10000 nM "
                },
                {
                    "source": "BINDINGDB",
                    "affinity": "Kd = 630 nM "
                },
                {
                    "source": "BINDINGDB",
                    "affinity": "EC50 = 15 - 1380 nM "
                }
            ],
            "mw": 183.2,
            "resi": 1402,
            "pdb": "4LDO"
        },
        {
            "lig": "XQC",
            "chain": "A",
            "bind": [
                {
                    "source": "-",
                    "affinity": "-"
                }
            ],
            "mw": 317.38,
            "resi": 1401,
            "pdb": "4LDL"
        },
        {
            "lig": "35V",
            "chain": "A",
            "bind": [
                {
                    "source": "-",
                    "affinity": "-"
                }
            ],
            "mw": 379.47,
            "resi": 1403,
            "pdb": "4QKX"
        }
    ],
    "substructures": [
        [
            "XQC"
        ],
        [
            "35V"
        ]
    ],
    "summary": {
        "UniProt Accession": "P00720",
        "Fragment SMILES": "CNC[C@@H](c1ccc(c(c1)O)O)O",
        "Number of Ligands": 2,
        "UniProt Name": "Endolysin",
        "Fragment Name": "L-EPINEPHRINE",
        "Fragment ID": "ALE"
    }
}