{
    "apo": ["5OFZ_A", "5OFZ_B", "5OFZ_D"],
    "entry_name": "AMG_Q7N561", 
    "structures": [
        {
            "lig": "AMG",
            "chain": "C",
            "bind": [
                {
                    "source": "-",
                    "affinity": "-"
                }
            ],
            "mw": 194.18,
            "resi": 201,
            "pdb": "5ODU"
        },
        {
            "lig": "RAF",
            "chain": "H",
            "bind": [
                {
                    "source": "-",
                    "affinity": "-"
                }
            ],
            "mw": 504.44,
            "resi": 201,
            "pdb": "5OFX"
        },
        {
            "lig": "9TQ",
            "chain": "D",
            "bind": [
                {
                    "source": "-",
                    "affinity": "-"
                }
            ],
            "mw": 614.62,
            "resi": 202,
            "pdb": "5OFI"
        }
    ],
    "substructures": [
        [
            "RAF"
        ],
        [
            "9TQ"
        ]
    ],
    "summary": {
        "UniProt Accession": "Q7N561",
        "Fragment SMILES": "CO[C@@H]1[C@@H]([C@H]([C@H]([C@H](O1)CO)O)O)O",
        "Number of Ligands": 2,
        "UniProt Name": "Lectin A",
        "Fragment Name": "ALPHA-METHYL-D-GALACTOSIDE",
        "Fragment ID": "AMG"
    }
}