{
    "apo": ["1OZM_A", "1P0D_A", "1PUD_A", "1Q2S_B", "1Q2S_D", "1WKD_A", "1WKE_A", "1WKF_A", "2NSO_A", "2OKO_A", "2Z1V_A", "3BL3_A", "3HFY_A", "3UNT_A", "3UVI_A", "4DXX_A", "4DY1_A", "4GD0_A", "4H6E_A", "4HTB_A", "4IPP_A", "4JBR_A", "4L56_A", "4PUN_A", "4Q8M_A", "4Q8N_A"],
    "entry_name": "AQO_P28720", 
    "structures": [
        {
            "lig": "AQO",
            "chain": "A",
            "bind": [
                {
                    "source": "BINDINGMOAD",
                    "affinity": "Ki = 20 nM"
                },
                {
                    "source": "PDBBIND",
                    "affinity": "Ki = 20 nM"
                }
            ],
            "mw": 161.16,
            "resi": 900,
            "pdb": "1S39"
        },
        {
            "lig": "MAQ",
            "chain": "A",
            "bind": [
                {
                    "source": "BINDINGMOAD",
                    "affinity": "Ki = 7000 nM"
                },
                {
                    "source": "PDBBIND",
                    "affinity": "Ki = 7000 nM"
                }
            ],
            "mw": 175.19,
            "resi": 900,
            "pdb": "1S38"
        },
        {
            "lig": "344",
            "chain": "A",
            "bind": [
                {
                    "source": "BINDINGMOAD",
                    "affinity": "Ki = 7900 nM"
                }
            ],
            "mw": 201.19,
            "resi": 900,
            "pdb": "2BBF"
        },
        {
            "lig": "BGU",
            "chain": "A",
            "bind": [
                {
                    "source": "BINDINGDB",
                    "affinity": "Ki = 77 nM "
                },
                {
                    "source": "BINDINGMOAD",
                    "affinity": "Ki = 77 nM"
                }
            ],
            "mw": 216.2,
            "resi": 400,
            "pdb": "2Z7K"
        },
        {
            "lig": "2WU",
            "chain": "A",
            "bind": [
                {
                    "source": "BINDINGMOAD",
                    "affinity": "Kd = 52.4 nM"
                }
            ],
            "mw": 230.23,
            "resi": 405,
            "pdb": "4PUK"
        },
        {
            "lig": "HRD",
            "chain": "A",
            "bind": [
                {
                    "source": "BINDINGMOAD",
                    "affinity": "Ki = 28050 nM"
                },
                {
                    "source": "PDBBIND",
                    "affinity": "Ki = 28050 nM"
                }
            ],
            "mw": 244.25,
            "resi": 501,
            "pdb": "3RR4"
        },
        {
            "lig": "62D",
            "chain": "A",
            "bind": [
                {
                    "source": "BINDINGMOAD",
                    "affinity": "Ki = 40830 nM"
                },
                {
                    "source": "PDBBIND",
                    "affinity": "Ki = 40830 nM"
                }
            ],
            "mw": 258.28,
            "resi": 501,
            "pdb": "3TLL"
        },
        {
            "lig": "APQ",
            "chain": "A",
            "bind": [
                {
                    "source": "BINDINGMOAD",
                    "affinity": "Ki = 7700 nM"
                },
                {
                    "source": "PDBBIND",
                    "affinity": "Ki = 7700 nM"
                }
            ],
            "mw": 264.35,
            "resi": 900,
            "pdb": "1K4H"
        },
        {
            "lig": "2MQ",
            "chain": "A",
            "bind": [
                {
                    "source": "BINDINGMOAD",
                    "affinity": "Ki = 55 nM"
                },
                {
                    "source": "PDBBIND",
                    "affinity": "Ki = 55 nM"
                }
            ],
            "mw": 273.29,
            "resi": 400,
            "pdb": "3GC5"
        },
        {
            "lig": "PK3",
            "chain": "A",
            "bind": [
                {
                    "source": "BINDINGMOAD",
                    "affinity": "Ki = 97 nM"
                },
                {
                    "source": "PDBBIND",
                    "affinity": "Ki = 97 nM"
                }
            ],
            "mw": 274.28,
            "resi": 500,
            "pdb": "3EOU"
        },
        {
            "lig": "AIQ",
            "chain": "A",
            "bind": [
                {
                    "source": "BINDINGMOAD",
                    "affinity": "Ki = 1400 nM"
                },
                {
                    "source": "PDBBIND",
                    "affinity": "Ki = 1400 nM"
                }
            ],
            "mw": 288.33,
            "resi": 900,
            "pdb": "1K4G"
        },
        {
            "lig": "BHB",
            "chain": "A",
            "bind": [
                {
                    "source": "BINDINGMOAD",
                    "affinity": "Ki = 3500 nM"
                },
                {
                    "source": "PDBBIND",
                    "affinity": "Ki = 3500 nM"
                }
            ],
            "mw": 293.39,
            "resi": 900,
            "pdb": "1Q65"
        },
        {
            "lig": "810",
            "chain": "A",
            "bind": [
                {
                    "source": "-",
                    "affinity": "-"
                }
            ],
            "mw": 302.29,
            "resi": 408,
            "pdb": "5JGM"
        },
        {
            "lig": "NE8",
            "chain": "A",
            "bind": [
                {
                    "source": "BINDINGMOAD",
                    "affinity": "Ki = 1000 nM"
                }
            ],
            "mw": 305.33,
            "resi": 500,
            "pdb": "1Y5V"
        },
        {
            "lig": "S98",
            "chain": "A",
            "bind": [
                {
                    "source": "BINDINGDB",
                    "affinity": "Ki = 3.5 - 5.8 nM "
                },
                {
                    "source": "BINDINGMOAD",
                    "affinity": "Kd = 112 nM"
                }
            ],
            "mw": 312.35,
            "resi": 406,
            "pdb": "4Q4S"
        },
        {
            "lig": "KMB",
            "chain": "A",
            "bind": [
                {
                    "source": "BINDINGMOAD",
                    "affinity": "Ki = 1700 nM"
                },
                {
                    "source": "PDBBIND",
                    "affinity": "Ki = 1700 nM"
                }
            ],
            "mw": 312.39,
            "resi": 900,
            "pdb": "1Q66"
        },
        {
            "lig": "6JX",
            "chain": "A",
            "bind": [
                {
                    "source": "-",
                    "affinity": "-"
                }
            ],
            "mw": 314.3,
            "resi": 401,
            "pdb": "5JGO"
        },
        {
            "lig": "NEZ",
            "chain": "A",
            "bind": [
                {
                    "source": "BINDINGMOAD",
                    "affinity": "Ki = 6900 nM"
                }
            ],
            "mw": 319.36,
            "resi": 500,
            "pdb": "1Y5W"
        },
        {
            "lig": "2YV",
            "chain": "A",
            "bind": [
                {
                    "source": "BINDINGDB",
                    "affinity": "Ki = 10 nM "
                }
            ],
            "mw": 320.35,
            "resi": 402,
            "pdb": "4Q8T"
        },
        {
            "lig": "2YM",
            "chain": "A",
            "bind": [
                {
                    "source": "BINDINGMOAD",
                    "affinity": "Kd = 34.3 nM"
                }
            ],
            "mw": 327.38,
            "resi": 406,
            "pdb": "4Q4O"
        },
        {
            "lig": "CKR",
            "chain": "A",
            "bind": [
                {
                    "source": "BINDINGMOAD",
                    "affinity": "Kd = 35 nM"
                }
            ],
            "mw": 329.36,
            "resi": 407,
            "pdb": "4PUJ"
        },
        {
            "lig": "E89",
            "chain": "D",
            "bind": [
                {
                    "source": "BINDINGMOAD",
                    "affinity": "Ki = 3700 nM"
                }
            ],
            "mw": 335.36,
            "resi": 1500,
            "pdb": "1Y5X"
        },
        {
            "lig": "2YX",
            "chain": "A",
            "bind": [
                {
                    "source": "-",
                    "affinity": "-"
                }
            ],
            "mw": 345.36,
            "resi": 403,
            "pdb": "4Q8V"
        },
        {
            "lig": "AFQ",
            "chain": "A",
            "bind": [
                {
                    "source": "-",
                    "affinity": "-"
                }
            ],
            "mw": 355.44,
            "resi": 406,
            "pdb": "5I00"
        },
        {
            "lig": "S79",
            "chain": "A",
            "bind": [
                {
                    "source": "BINDINGMOAD",
                    "affinity": "Ki = 55 nM"
                },
                {
                    "source": "PDBBIND",
                    "affinity": "Ki = 55 nM"
                }
            ],
            "mw": 356.38,
            "resi": 500,
            "pdb": "2QZR"
        },
        {
            "lig": "AAQ",
            "chain": "A",
            "bind": [
                {
                    "source": "BINDINGMOAD",
                    "affinity": "Ki = 25 nM"
                },
                {
                    "source": "PDBBIND",
                    "affinity": "Ki = 25 nM"
                }
            ],
            "mw": 363.42,
            "resi": 395,
            "pdb": "3GC4"
        },
        {
            "lig": "2YY",
            "chain": "A",
            "bind": [
                {
                    "source": "-",
                    "affinity": "-"
                }
            ],
            "mw": 364.36,
            "resi": 402,
            "pdb": "4Q8W"
        },
        {
            "lig": "6OK",
            "chain": "A",
            "bind": [
                {
                    "source": "-",
                    "affinity": "-"
                }
            ],
            "mw": 364.4,
            "resi": 405,
            "pdb": "5JXQ"
        },
        {
            "lig": "PK2",
            "chain": "A",
            "bind": [
                {
                    "source": "-",
                    "affinity": "-"
                }
            ],
            "mw": 369.46,
            "resi": 402,
            "pdb": "5I02"
        },
        {
            "lig": "2YW",
            "chain": "A",
            "bind": [
                {
                    "source": "-",
                    "affinity": "-"
                }
            ],
            "mw": 378.38,
            "resi": 409,
            "pdb": "4Q8U"
        },
        {
            "lig": "1WK",
            "chain": "A",
            "bind": [
                {
                    "source": "BINDINGMOAD",
                    "affinity": "Ki = 217 nM"
                }
            ],
            "mw": 390.39,
            "resi": 401,
            "pdb": "4LEQ"
        },
        {
            "lig": "6MQ",
            "chain": "A",
            "bind": [
                {
                    "source": "-",
                    "affinity": "-"
                }
            ],
            "mw": 402.4,
            "resi": 406,
            "pdb": "5JSV"
        },
        {
            "lig": "1UD",
            "chain": "A",
            "bind": [
                {
                    "source": "BINDINGMOAD",
                    "affinity": "Ki = 353 nM"
                }
            ],
            "mw": 404.42,
            "resi": 401,
            "pdb": "4KWO"
        },
        {
            "lig": "1WJ",
            "chain": "A",
            "bind": [
                {
                    "source": "BINDINGMOAD",
                    "affinity": "Ki = 286 nM"
                }
            ],
            "mw": 404.42,
            "resi": 401,
            "pdb": "4LBU"
        },
        {
            "lig": "725",
            "chain": "A",
            "bind": [
                {
                    "source": "-",
                    "affinity": "-"
                }
            ],
            "mw": 418.45,
            "resi": 407,
            "pdb": "5LPO"
        },
        {
            "lig": "0UX",
            "chain": "A",
            "bind": [
                {
                    "source": "-",
                    "affinity": "-"
                }
            ],
            "mw": 421.54,
            "resi": 402,
            "pdb": "4FPS"
        },
        {
            "lig": "72C",
            "chain": "A",
            "bind": [
                {
                    "source": "-",
                    "affinity": "-"
                }
            ],
            "mw": 430.46,
            "resi": 402,
            "pdb": "5LPP"
        },
        {
            "lig": "0O1",
            "chain": "A",
            "bind": [
                {
                    "source": "-",
                    "affinity": "-"
                }
            ],
            "mw": 445.56,
            "resi": 403,
            "pdb": "4GKT"
        },
        {
            "lig": "0EX",
            "chain": "A",
            "bind": [
                {
                    "source": "-",
                    "affinity": "-"
                }
            ],
            "mw": 453.54,
            "resi": 501,
            "pdb": "4GI4"
        },
        {
            "lig": "6MM",
            "chain": "A",
            "bind": [
                {
                    "source": "-",
                    "affinity": "-"
                }
            ],
            "mw": 458.47,
            "resi": 413,
            "pdb": "5JSW"
        },
        {
            "lig": "0WY",
            "chain": "A",
            "bind": [
                {
                    "source": "-",
                    "affinity": "-"
                }
            ],
            "mw": 459.59,
            "resi": 402,
            "pdb": "4GIY"
        },
        {
            "lig": "726",
            "chain": "A",
            "bind": [
                {
                    "source": "-",
                    "affinity": "-"
                }
            ],
            "mw": 462.5,
            "resi": 401,
            "pdb": "5LPS"
        },
        {
            "lig": "0V3",
            "chain": "A",
            "bind": [
                {
                    "source": "-",
                    "affinity": "-"
                }
            ],
            "mw": 470.57,
            "resi": 402,
            "pdb": "4FR6"
        },
        {
            "lig": "0V2",
            "chain": "A",
            "bind": [
                {
                    "source": "-",
                    "affinity": "-"
                }
            ],
            "mw": 545.68,
            "resi": 402,
            "pdb": "4FR1"
        }
    ],
    "substructures": [
        [
            "MAQ",
            "APQ"
        ],
        [
            "MAQ",
            "PK3"
        ],
        [
            "MAQ",
            "AIQ"
        ],
        [
            "MAQ",
            "BHB"
        ],
        [
            "MAQ",
            "KMB"
        ],
        [
            "MAQ",
            "AFQ"
        ],
        [
            "MAQ",
            "725"
        ],
        [
            "MAQ",
            "726"
        ],
        [
            "MAQ",
            "2MQ",
            "0O1"
        ],
        [
            "MAQ",
            "2MQ",
            "0WY"
        ],
        [
            "MAQ",
            "NE8",
            "NEZ"
        ],
        [
            "MAQ",
            "NE8",
            "E89"
        ],
        [
            "MAQ",
            "AAQ",
            "0EX"
        ],
        [
            "MAQ",
            "PK2",
            "0UX"
        ],
        [
            "MAQ",
            "PK2",
            "0V3"
        ],
        [
            "MAQ",
            "PK2",
            "0V2"
        ],
        [
            "MAQ",
            "1WK",
            "1UD",
            "72C"
        ],
        [
            "MAQ",
            "1WK",
            "1WJ",
            "72C"
        ],
        [
            "344",
            "2WU",
            "62D"
        ],
        [
            "344",
            "2WU",
            "PK3"
        ],
        [
            "344",
            "2WU",
            "6JX"
        ],
        [
            "344",
            "2WU",
            "2YM"
        ],
        [
            "344",
            "2WU",
            "CKR"
        ],
        [
            "344",
            "2WU",
            "S79"
        ],
        [
            "344",
            "2WU",
            "6MQ"
        ],
        [
            "344",
            "2WU",
            "725"
        ],
        [
            "344",
            "2WU",
            "2MQ",
            "0O1"
        ],
        [
            "344",
            "2WU",
            "2MQ",
            "0WY"
        ],
        [
            "BGU",
            "S98"
        ],
        [
            "BGU",
            "AFQ"
        ],
        [
            "BGU",
            "6MM"
        ],
        [
            "BGU",
            "726"
        ],
        [
            "BGU",
            "HRD",
            "810"
        ],
        [
            "BGU",
            "2YV",
            "2YX"
        ],
        [
            "BGU",
            "2YV",
            "6OK"
        ],
        [
            "BGU",
            "2YV",
            "0EX"
        ],
        [
            "BGU",
            "2YV",
            "2YY",
            "2YW"
        ],
        [
            "BGU",
            "AAQ",
            "0EX"
        ],
        [
            "BGU",
            "PK2",
            "0UX"
        ],
        [
            "BGU",
            "PK2",
            "0V3"
        ],
        [
            "BGU",
            "PK2",
            "0V2"
        ],
        [
            "BGU",
            "1WK",
            "1UD",
            "72C"
        ],
        [
            "BGU",
            "1WK",
            "1WJ",
            "72C"
        ]
    ],
    "summary": {
        "UniProt Accession": "P28720",
        "Fragment SMILES": "c1ccc2c(c1)C(=O)NC(=N2)N",
        "Number of Ligands": 43,
        "UniProt Name": "Queuine tRNA-ribosyltransferase",
        "Fragment Name": "2-AMINOQUINAZOLIN-4(3H)-ONE",
        "Fragment ID": "AQO"
    }
}