{
    "apo": ["1JBU_H", "1KLJ_H"],
    "entry_name": "AX7_P08709", 
    "structures": [
        {
            "lig": "AX7",
            "chain": "C",
            "bind": [
                {
                    "source": "-",
                    "affinity": "-"
                }
            ],
            "mw": 133.15,
            "resi": 506,
            "pdb": "5PAR"
        },
        {
            "lig": "7ZG",
            "chain": "B",
            "bind": [
                {
                    "source": "-",
                    "affinity": "-"
                }
            ],
            "mw": 300.74,
            "resi": 501,
            "pdb": "5PAT"
        },
        {
            "lig": "7ZJ",
            "chain": "C",
            "bind": [
                {
                    "source": "-",
                    "affinity": "-"
                }
            ],
            "mw": 416.45,
            "resi": 507,
            "pdb": "5PAU"
        },
        {
            "lig": "7LR",
            "chain": "B",
            "bind": [
                {
                    "source": "-",
                    "affinity": "-"
                }
            ],
            "mw": 450.9,
            "resi": 508,
            "pdb": "5PAF"
        },
        {
            "lig": "7YM",
            "chain": "B",
            "bind": [
                {
                    "source": "-",
                    "affinity": "-"
                }
            ],
            "mw": 501.5,
            "resi": 505,
            "pdb": "5PAI"
        }
    ],
    "substructures": [
        [
            "7YM"
        ],
        [
            "7ZG",
            "7LR"
        ],
        [
            "7ZJ",
            "7LR"
        ]
    ],
    "summary": {
        "UniProt Accession": "P08709",
        "Fragment SMILES": "c1ccc2c(c1)[nH]c(n2)N",
        "Number of Ligands": 4,
        "UniProt Name": "Coagulation factor VII",
        "Fragment Name": "1H-benzimidazol-2-amine",
        "Fragment ID": "AX7"
    }
}