{
    "apo": ["1C5L_H", "1HAG_E", "1HAH_H", "1HGT_H", "1HXE_H", "1HXF_H", "1JOU_D", "1JOU_F", "1MH0_A", "1MH0_B", "1SG8_B", "1SG8_E", "1SGI_B", "1SGI_E", "1THR_H", "1THS_H", "1TQ0_D", "1TWX_B", "1VR1_H", "2A0Q_D", "2B5T_B", "2B5T_D", "2GP9_B", "2HWL_B", "2HWL_D", "2PGB_B", "2UUF_B", "3BEF_B", "3BEF_E", "3BEI_B", "3D49_H", "3EE0_B", "3GIC_B", "3GIS_B", "3GIS_D", "3GIS_F", "3HKJ_B", "3HKJ_E", "3JZ1_B", "3JZ2_B", "3K65_B", "3QGN_B", "3R3G_B", "3S7H_B", "3S7K_B", "3S7K_D", "3SQE_E", "3SQH_E", "3U69_H", "4BOH_A", "4H6S_B", "4H6T_A", "4RKJ_B", "5JDU_B", "5JDU_D"],
    "entry_name": "BEN_P00734", 
    "structures": [
        {
            "lig": "BEN",
            "chain": "H",
            "bind": [
                {
                    "source": "-",
                    "affinity": "-"
                }
            ],
            "mw": 120.15,
            "resi": 2001,
            "pdb": "3P70"
        },
        {
            "lig": "MVF",
            "chain": "B",
            "bind": [
                {
                    "source": "BINDINGMOAD",
                    "affinity": "Ki = 4.29 nM"
                },
                {
                    "source": "PDBBIND",
                    "affinity": "Ki = 4.29 nM"
                }
            ],
            "mw": 428.53,
            "resi": 1287,
            "pdb": "4BAO"
        },
        {
            "lig": "MEL",
            "chain": "B",
            "bind": [
                {
                    "source": "BINDINGMOAD",
                    "affinity": "Ki = 2.01 nM"
                },
                {
                    "source": "PDBBIND",
                    "affinity": "Ki = 2.01 nM"
                }
            ],
            "mw": 429.51,
            "resi": 1291,
            "pdb": "4BAH"
        },
        {
            "lig": "M6S",
            "chain": "B",
            "bind": [
                {
                    "source": "BINDINGMOAD",
                    "affinity": "Ki = 2.43 nM"
                },
                {
                    "source": "PDBBIND",
                    "affinity": "Ki = 2.43 nM"
                }
            ],
            "mw": 442.55,
            "resi": 1287,
            "pdb": "4BAN"
        },
        {
            "lig": "M4Z",
            "chain": "B",
            "bind": [
                {
                    "source": "BINDINGMOAD",
                    "affinity": "Ki = 0.98 nM"
                },
                {
                    "source": "PDBBIND",
                    "affinity": "Ki = 0.98 nM"
                }
            ],
            "mw": 456.58,
            "resi": 1287,
            "pdb": "4BAQ"
        },
        {
            "lig": "MM9",
            "chain": "B",
            "bind": [
                {
                    "source": "BINDINGMOAD",
                    "affinity": "Ki = 1.14 nM"
                },
                {
                    "source": "PDBBIND",
                    "affinity": "Ki = 1.14 nM"
                }
            ],
            "mw": 456.58,
            "resi": 1287,
            "pdb": "4BAM"
        },
        {
            "lig": "M67",
            "chain": "B",
            "bind": [
                {
                    "source": "BINDINGMOAD",
                    "affinity": "Ki = 1.22 nM"
                },
                {
                    "source": "PDBBIND",
                    "affinity": "Ki = 1.22 nM"
                }
            ],
            "mw": 470.61,
            "resi": 1287,
            "pdb": "4BAK"
        }
    ],
    "substructures": [
        [
            "MEL"
        ],
        [
            "MVF",
            "M6S",
            "MM9"
        ],
        [
            "MVF",
            "M6S",
            "M4Z",
            "M67"
        ]
    ],
    "summary": {
        "UniProt Accession": "P00734",
        "Fragment SMILES": "[H]/N=C(\\c1ccccc1)/N",
        "Number of Ligands": 6,
        "UniProt Name": "Prothrombin",
        "Fragment Name": "BENZAMIDINE",
        "Fragment ID": "BEN"
    }
}