{
    "apo": ["1MOP_A", "1MOP_B", "1N2J_A", "1N2J_B", "1N2O_A", "1N2O_B", "2A88_A", "3COV_A", "3COV_B", "3IVG_A", "4EFK_A", "4EFK_B", "4FZJ_A"],
    "entry_name": "BZ3_P9WIL5", 
    "structures": [
        {
            "lig": "BZ3",
            "chain": "A",
            "bind": [
                {
                    "source": "BINDINGDB",
                    "affinity": "Kd = 1100000 nM "
                },
                {
                    "source": "BINDINGMOAD",
                    "affinity": "Kd = 1100000 nM"
                },
                {
                    "source": "PDBBIND",
                    "affinity": "Kd = 1100000 nM"
                }
            ],
            "mw": 147.17,
            "resi": 702,
            "pdb": "3IMC"
        },
        {
            "lig": "A8D",
            "chain": "A",
            "bind": [
                {
                    "source": "BINDINGMOAD",
                    "affinity": "Kd = 210000 nM"
                },
                {
                    "source": "PDBBIND",
                    "affinity": "Kd = 210000 nM"
                }
            ],
            "mw": 268.29,
            "resi": 308,
            "pdb": "3ISJ"
        },
        {
            "lig": "FG2",
            "chain": "A",
            "bind": [
                {
                    "source": "BINDINGDB",
                    "affinity": "Kd = 29000 nM "
                },
                {
                    "source": "BINDINGMOAD",
                    "affinity": "Kd = 29000 nM"
                },
                {
                    "source": "PDBBIND",
                    "affinity": "Kd = 29000 nM"
                }
            ],
            "mw": 345.37,
            "resi": 302,
            "pdb": "3IUB"
        }
    ],
    "substructures": [
        [
            "A8D"
        ],
        [
            "FG2"
        ]
    ],
    "summary": {
        "UniProt Accession": "P9WIL5",
        "Fragment SMILES": "COc1ccc2c(c1)cc[nH]2",
        "Number of Ligands": 2,
        "UniProt Name": "Pantothenate synthetase",
        "Fragment Name": "5-methoxy-1H-indole",
        "Fragment ID": "BZ3"
    }
}