{
    "apo": ["1HAN_A", "1KMY_A", "1KND_A", "1KNF_A"],
    "entry_name": "CAQ_P47228", 
    "structures": [
        {
            "lig": "CAQ",
            "chain": "A",
            "bind": [
                {
                    "source": "-",
                    "affinity": "-"
                }
            ],
            "mw": 110.11,
            "resi": 301,
            "pdb": "1KND"
        },
        {
            "lig": "BPY",
            "chain": "A",
            "bind": [
                {
                    "source": "BINDINGMOAD",
                    "affinity": "Kd = 8000 nM"
                },
                {
                    "source": "PDBBIND",
                    "affinity": "Kd = 8000 nM"
                }
            ],
            "mw": 186.21,
            "resi": 300,
            "pdb": "1KMY"
        },
        {
            "lig": "BP3",
            "chain": "A",
            "bind": [
                {
                    "source": "BINDINGMOAD",
                    "affinity": "Kd = 800 nM"
                },
                {
                    "source": "PDBBIND",
                    "affinity": "Kd = 800 nM"
                }
            ],
            "mw": 220.65,
            "resi": 300,
            "pdb": "1LGT"
        },
        {
            "lig": "BP6",
            "chain": "A",
            "bind": [
                {
                    "source": "-",
                    "affinity": "-"
                }
            ],
            "mw": 255.1,
            "resi": 300,
            "pdb": "1LKD"
        }
    ],
    "substructures": [
        [
            "BPY",
            "BP3",
            "BP6"
        ]
    ],
    "summary": {
        "UniProt Accession": "P47228",
        "Fragment SMILES": "c1ccc(c(c1)O)O",
        "Number of Ligands": 3,
        "UniProt Name": "Biphenyl-2,3-diol 1,2-dioxygenase",
        "Fragment Name": "CATECHOL",
        "Fragment ID": "CAQ"
    }
}