{
    "apo": ["1ERK_A", "2ERK_A", "2FYS_A", "2FYS_B", "2GPH_A", "3O71_A", "3R63_A", "3ZU7_A", "3ZUV_C", "4GSB_A", "4IZ7_A", "4IZ7_C", "4IZA_A", "4IZA_C", "4QP2_B", "4S2Z_A", "4S30_A", "4S31_A", "5UMO_A"],
    "entry_name": "CAQ_P28482", 
    "structures": [
        {
            "lig": "CAQ",
            "chain": "A",
            "bind": [
                {
                    "source": "-",
                    "affinity": "-"
                }
            ],
            "mw": 110.11,
            "resi": 401,
            "pdb": "4ZXT"
        },
        {
            "lig": "NRA",
            "chain": "A",
            "bind": [
                {
                    "source": "-",
                    "affinity": "-"
                }
            ],
            "mw": 260.2,
            "resi": 361,
            "pdb": "3SA0"
        }
    ],
    "substructures": [
        [
            "NRA"
        ]
    ],
    "summary": {
        "UniProt Accession": "P28482",
        "Fragment SMILES": "c1ccc(c(c1)O)O",
        "Number of Ligands": 1,
        "UniProt Name": "Mitogen-activated protein kinase 1",
        "Fragment Name": "CATECHOL",
        "Fragment ID": "CAQ"
    }
}