{
    "apo": [],
    "entry_name": "CYT_Q63T71", 
    "structures": [
        {
            "lig": "CYT",
            "chain": "B",
            "bind": [
                {
                    "source": "-",
                    "affinity": "-"
                }
            ],
            "mw": 111.1,
            "resi": 901,
            "pdb": "3IKE"
        },
        {
            "lig": "AO9",
            "chain": "A",
            "bind": [
                {
                    "source": "PDBBIND",
                    "affinity": "Kd = 70000 nM"
                }
            ],
            "mw": 392.39,
            "resi": 164,
            "pdb": "3Q8H"
        },
        {
            "lig": "CTP",
            "chain": "B",
            "bind": [
                {
                    "source": "-",
                    "affinity": "-"
                }
            ],
            "mw": 483.16,
            "resi": 901,
            "pdb": "3IEW"
        }
    ],
    "substructures": [
        [
            "AO9"
        ],
        [
            "CTP"
        ]
    ],
    "summary": {
        "UniProt Accession": "Q63T71",
        "Fragment SMILES": "C1=C(NC(=O)N=C1)N",
        "Number of Ligands": 2,
        "UniProt Name": "2-C-methyl-D-erythritol 2,4-cyclodiphosphate synthase",
        "Fragment Name": "6-AMINOPYRIMIDIN-2(1H)-ONE",
        "Fragment ID": "CYT"
    }
}