{
    "apo": [],
    "entry_name": "CYT_Q3JRA0", 
    "structures": [
        {
            "lig": "CYT",
            "chain": "A",
            "bind": [
                {
                    "source": "-",
                    "affinity": "-"
                }
            ],
            "mw": 111.1,
            "resi": 164,
            "pdb": "3MBM"
        },
        {
            "lig": "CTN",
            "chain": "A",
            "bind": [
                {
                    "source": "-",
                    "affinity": "-"
                }
            ],
            "mw": 243.22,
            "resi": 165,
            "pdb": "3QHD"
        },
        {
            "lig": "C",
            "chain": "A",
            "bind": [
                {
                    "source": "-",
                    "affinity": "-"
                }
            ],
            "mw": 323.2,
            "resi": 901,
            "pdb": "3IEQ"
        },
        {
            "lig": "C5P",
            "chain": "C",
            "bind": [
                {
                    "source": "-",
                    "affinity": "-"
                }
            ],
            "mw": 323.2,
            "resi": 163,
            "pdb": "3F0G"
        },
        {
            "lig": "I5A",
            "chain": "A",
            "bind": [
                {
                    "source": "-",
                    "affinity": "-"
                }
            ],
            "mw": 353.11,
            "resi": 164,
            "pdb": "3K2X"
        }
    ],
    "substructures": [
        [
            "I5A"
        ],
        [
            "CTN",
            "C"
        ],
        [
            "CTN",
            "C5P"
        ]
    ],
    "summary": {
        "UniProt Accession": "Q3JRA0",
        "Fragment SMILES": "C1=C(NC(=O)N=C1)N",
        "Number of Ligands": 4,
        "UniProt Name": "2-C-methyl-D-erythritol 2,4-cyclodiphosphate synthase",
        "Fragment Name": "6-AMINOPYRIMIDIN-2(1H)-ONE",
        "Fragment ID": "CYT"
    }
}