{
    "apo": [],
    "entry_name": "DAL_P15555", 
    "structures": [
        {
            "lig": "DAL",
            "chain": "A",
            "bind": [
                {
                    "source": "-",
                    "affinity": "-"
                }
            ],
            "mw": 89.09,
            "resi": 500,
            "pdb": "1IKI"
        },
        {
            "lig": "HEL",
            "chain": "A",
            "bind": [
                {
                    "source": "-",
                    "affinity": "-"
                }
            ],
            "mw": 429.47,
            "resi": 400,
            "pdb": "1PW1"
        }
    ],
    "substructures": [
        [
            "HEL"
        ]
    ],
    "summary": {
        "UniProt Accession": "P15555",
        "Fragment SMILES": "C[C@H](C(=O)O)N",
        "Number of Ligands": 1,
        "UniProt Name": "D-alanyl-D-alanine carboxypeptidase",
        "Fragment Name": "D-ALANINE",
        "Fragment ID": "DAL"
    }
}