{
    "apo": ["1SGZ_A", "1SGZ_B", "1SGZ_C", "1SGZ_D", "1W50_A", "1XN3_A", "1XN3_B", "1XN3_D", "2ZHS_A", "2ZHT_A", "2ZHU_A", "2ZHV_A", "3HVG_C", "3L59_B", "3R1G_B", "3TPJ_A", "3TPL_A", "3TPL_B", "3TPL_C"],
    "entry_name": "EV0_P56817", 
    "structures": [
        {
            "lig": "EV0",
            "chain": "A",
            "bind": [
                {
                    "source": "BINDINGDB",
                    "affinity": "Kd = 4450000 nM "
                },
                {
                    "source": "BINDINGDB",
                    "affinity": "IC50 = 2490000 nM "
                },
                {
                    "source": "BINDINGMOAD",
                    "affinity": "IC50 = ~2000000 nM"
                },
                {
                    "source": "PDBBIND",
                    "affinity": "IC50 = 2000000 nM"
                }
            ],
            "mw": 153.18,
            "resi": 441,
            "pdb": "3HVG"
        },
        {
            "lig": "B02",
            "chain": "A",
            "bind": [
                {
                    "source": "BINDINGDB",
                    "affinity": "IC50 = 17100 nM "
                },
                {
                    "source": "BINDINGMOAD",
                    "affinity": "IC50 = 17100 nM"
                },
                {
                    "source": "PDBBIND",
                    "affinity": "IC50 = 17100 nM"
                }
            ],
            "mw": 331.41,
            "resi": 502,
            "pdb": "3VV8"
        }
    ],
    "substructures": [
        [
            "B02"
        ]
    ],
    "summary": {
        "UniProt Accession": "P56817",
        "Fragment SMILES": "CCCC1=CC(=O)NC(=N1)N",
        "Number of Ligands": 1,
        "UniProt Name": "Beta-secretase 1",
        "Fragment Name": "2-amino-6-propylpyrimidin-4(3H)-one",
        "Fragment ID": "EV0"
    }
}