{
    "apo": ["12CA_A", "1AM6_A", "1BIC_A", "1CA2_A", "1CA3_A", "1CAH_A", "1CAI_A", "1CAJ_A", "1CAK_A", "1CAL_A", "1CAM_A", "1CAN_A", "1CAO_A", "1CAY_A", "1CAZ_A", "1CCS_A", "1CCT_A", "1CCU_A", "1CNC_A", "1CNG_A", "1CNH_A", "1CNI_A", "1CNJ_A", "1CNK_A", "1CRA_A", "1CVA_A", "1CVB_A", "1CVC_A", "1CVD_A", "1CVE_A", "1CVF_A", "1CVH_A", "1DCA_A", "1DCB_A", "1FQL_A", "1FQM_A", "1FQN_A", "1FQR_A", "1FR4_A", "1FR7_A", "1FR7_B", "1FSN_A", "1FSN_B", "1FSQ_A", "1FSQ_B", "1FSR_A", "1FSR_B", "1G0E_A", "1G0F_A", "1G3Z_A", "1G6V_A", "1H4N_A", "1H9N_A", "1H9Q_A", "1HCA_A", "1HEA_A", "1HEB_A", "1HEC_A", "1HED_A", "1HVA_A", "1LG6_A", "1LGD_A", "1LZV_A", "1MOO_A", "1MUA_A", "1RAY_A", "1RAZ_A", "1RZA_A", "1RZB_A", "1RZC_A", "1RZD_A", "1RZE_A", "1T9N_A", "1TBT_X", "1TEQ_X", "1TEU_X", "1TG3_A", "1TG9_A", "1TH9_A", "1THK_A", "1UGA_A", "1UGB_A", "1UGC_A", "1UGD_A", "1UGE_A", "1UGF_A", "1UGG_A", "1XEG_A", "1XEV_A", "1XEV_B", "1XEV_C", "1XEV_D", "1YDC_A", "1YO0_A", "1YO1_A", "1YO2_A", "1ZSA_A", "1ZSC_A", "2AX2_A", "2CA2_A", "2CBA_A", "2CBB_A", "2CBC_A", "2CBD_A", "2CBE_A", "2FNK_A", "2FNM_A", "2GEH_A", "2ILI_A", "2NWO_A", "2NWP_A", "2NWY_A", "2NWZ_A", "2NXR_A", "2NXS_A", "2NXT_A", "2VVA_X", "2VVB_X", "3D92_A", "3D93_A", "3DC9_A", "3DV7_A", "3DVB_A", "3DVC_A", "3DVD_A", "3EFI_A", "3GZ0_A", "3K7K_A", "3KOI_A", "3KOK_A", "3KON_A", "3KS3_A", "3KWA_A", "3M1J_A", "3M1Q_A", "3M1W_A", "3M2Z_A", "3M5S_A", "3MWO_A", "3MWO_B", "3PJJ_A", "3RG3_A", "3RG4_A", "3RGE_A", "3RLD_A", "3TVN_X", "3TVO_X", "3U3A_X", "3U45_X", "3U47_A", "3U7C_A", "3V3F_A", "3V3G_B", "3V3H_B", "3V3I_B", "3V3J_A", "4CA2_A", "4CAC_A", "4E5Q_A", "4GL1_X", "4HBA_A", "4HF3_A", "4IDR_X", "4JS6_A", "4JSW_A", "4L5U_A", "4L5V_A", "4L5W_A", "4QEF_A", "4QK1_A", "4QK2_A", "4QK3_A", "4QY3_A", "4YGK_A", "4YGL_A", "4YVY_A", "4ZAO_A", "5BRW_A", "5CA2_A", "5CAC_A", "5DSI_A", "5DSJ_A", "5DSK_A", "5DSL_A", "5DSM_A", "5DSN_A", "5DSO_A", "5DSP_A", "5DSQ_A", "5DSR_A", "5EOI_A", "5G0B_A", "5G0C_A", "5THI_A", "5Y2R_A", "5Y2S_A", "5ZXW_A", "6B00_A", "6CA2_A", "7CA2_A", "8CA2_A", "9CA2_A"],
    "entry_name": "EVJ_P00918", 
    "structures": [
        {
            "lig": "EVJ",
            "chain": "B",
            "bind": [
                {
                    "source": "-",
                    "affinity": "-"
                }
            ],
            "mw": 163.22,
            "resi": 302,
            "pdb": "4N0X"
        },
        {
            "lig": "BZ1",
            "chain": "A",
            "bind": [
                {
                    "source": "BINDINGDB",
                    "affinity": "Ki = 0.1 - 45 nM "
                },
                {
                    "source": "BINDINGDB",
                    "affinity": "Kd = 0.1 - .13 nM "
                },
                {
                    "source": "BINDINGDB",
                    "affinity": "IC50 = 3.2 - 45 nM "
                },
                {
                    "source": "BINDINGMOAD",
                    "affinity": "Ki = 3.2 nM"
                },
                {
                    "source": "PDBBIND",
                    "affinity": "Ki = 3.2 nM"
                }
            ],
            "mw": 383.51,
            "resi": 302,
            "pdb": "4M2R"
        },
        {
            "lig": "INQ",
            "chain": "A",
            "bind": [
                {
                    "source": "BINDINGDB",
                    "affinity": "IC50 = 1.1 nM "
                },
                {
                    "source": "BINDINGDB",
                    "affinity": "Ki = 0.2 nM "
                },
                {
                    "source": "BINDINGMOAD",
                    "affinity": "IC50 = 1.15 nM"
                },
                {
                    "source": "PDBBIND",
                    "affinity": "IC50 = 1.15 nM"
                }
            ],
            "mw": 457.54,
            "resi": 555,
            "pdb": "1I91"
        },
        {
            "lig": "INL",
            "chain": "A",
            "bind": [
                {
                    "source": "BINDINGDB",
                    "affinity": "IC50 = 1.3 nM "
                },
                {
                    "source": "BINDINGDB",
                    "affinity": "Ki = 0.2 nM "
                },
                {
                    "source": "BINDINGMOAD",
                    "affinity": "IC50 = 1.27 nM"
                },
                {
                    "source": "PDBBIND",
                    "affinity": "IC50 = 1.27 nM"
                }
            ],
            "mw": 471.57,
            "resi": 555,
            "pdb": "1I8Z"
        }
    ],
    "substructures": [
        [
            "BZ1"
        ],
        [
            "INQ",
            "INL"
        ]
    ],
    "summary": {
        "UniProt Accession": "P00918",
        "Fragment SMILES": "c1cc(sc1)S(=O)(=O)N",
        "Number of Ligands": 3,
        "UniProt Name": "Carbonic anhydrase 2",
        "Fragment Name": "thiophene-2-sulfonamide",
        "Fragment ID": "EVJ"
    }
}