{
    "apo": ["12CA_A", "1AM6_A", "1BIC_A", "1CA2_A", "1CA3_A", "1CAH_A", "1CAI_A", "1CAJ_A", "1CAK_A", "1CAL_A", "1CAM_A", "1CAN_A", "1CAO_A", "1CAY_A", "1CAZ_A", "1CCS_A", "1CCT_A", "1CCU_A", "1CNC_A", "1CNG_A", "1CNH_A", "1CNI_A", "1CNJ_A", "1CNK_A", "1CRA_A", "1CVA_A", "1CVB_A", "1CVC_A", "1CVD_A", "1CVE_A", "1CVF_A", "1CVH_A", "1DCA_A", "1DCB_A", "1FQL_A", "1FQM_A", "1FQN_A", "1FQR_A", "1FR4_A", "1FR7_A", "1FR7_B", "1FSN_A", "1FSN_B", "1FSQ_A", "1FSQ_B", "1FSR_A", "1FSR_B", "1G0E_A", "1G0F_A", "1G3Z_A", "1G6V_A", "1H4N_A", "1H9N_A", "1H9Q_A", "1HCA_A", "1HEA_A", "1HEB_A", "1HEC_A", "1HED_A", "1HVA_A", "1LG6_A", "1LGD_A", "1LZV_A", "1MOO_A", "1MUA_A", "1RAY_A", "1RAZ_A", "1RZA_A", "1RZB_A", "1RZC_A", "1RZD_A", "1RZE_A", "1T9N_A", "1TBT_X", "1TEQ_X", "1TEU_X", "1TG3_A", "1TG9_A", "1TH9_A", "1THK_A", "1UGA_A", "1UGB_A", "1UGC_A", "1UGD_A", "1UGE_A", "1UGF_A", "1UGG_A", "1XEG_A", "1XEV_A", "1XEV_B", "1XEV_C", "1XEV_D", "1YDC_A", "1YO0_A", "1YO1_A", "1YO2_A", "1ZSA_A", "1ZSC_A", "2AX2_A", "2CA2_A", "2CBA_A", "2CBB_A", "2CBC_A", "2CBD_A", "2CBE_A", "2FNK_A", "2FNM_A", "2GEH_A", "2ILI_A", "2NWO_A", "2NWP_A", "2NWY_A", "2NWZ_A", "2NXR_A", "2NXS_A", "2NXT_A", "2VVA_X", "2VVB_X", "3D92_A", "3D93_A", "3DC9_A", "3DV7_A", "3DVB_A", "3DVC_A", "3DVD_A", "3EFI_A", "3GZ0_A", "3K7K_A", "3KOI_A", "3KOK_A", "3KON_A", "3KS3_A", "3KWA_A", "3M1J_A", "3M1Q_A", "3M1W_A", "3M2Z_A", "3M5S_A", "3MWO_A", "3MWO_B", "3PJJ_A", "3RG3_A", "3RG4_A", "3RGE_A", "3RLD_A", "3TVN_X", "3TVO_X", "3U3A_X", "3U45_X", "3U47_A", "3U7C_A", "3V3F_A", "3V3G_B", "3V3H_B", "3V3I_B", "3V3J_A", "4CA2_A", "4CAC_A", "4E5Q_A", "4GL1_X", "4HBA_A", "4HF3_A", "4IDR_X", "4JS6_A", "4JSW_A", "4L5U_A", "4L5V_A", "4L5W_A", "4QEF_A", "4QK1_A", "4QK2_A", "4QK3_A", "4QY3_A", "4YGK_A", "4YGL_A", "4YVY_A", "4ZAO_A", "5BRW_A", "5CA2_A", "5CAC_A", "5DSI_A", "5DSJ_A", "5DSK_A", "5DSL_A", "5DSM_A", "5DSN_A", "5DSO_A", "5DSP_A", "5DSQ_A", "5DSR_A", "5EOI_A", "5G0B_A", "5G0C_A", "5THI_A", "5Y2R_A", "5Y2S_A", "5ZXW_A", "6B00_A", "6CA2_A", "7CA2_A", "8CA2_A", "9CA2_A"],
    "entry_name": "FB2_P00918", 
    "structures": [
        {
            "lig": "FB2",
            "chain": "A",
            "bind": [
                {
                    "source": "BINDINGDB",
                    "affinity": "Ki = 305 - 5870 nM "
                },
                {
                    "source": "BINDINGDB",
                    "affinity": "Kd = 660 - 1149700 nM "
                },
                {
                    "source": "BINDINGMOAD",
                    "affinity": "Kd = 839 nM"
                },
                {
                    "source": "PDBBIND",
                    "affinity": "Kd = 839 nM"
                }
            ],
            "mw": 157.19,
            "resi": 1263,
            "pdb": "2WEJ"
        },
        {
            "lig": "4J8",
            "chain": "A",
            "bind": [
                {
                    "source": "BINDINGDB",
                    "affinity": "Kd = 292900 - 331700 nM "
                },
                {
                    "source": "BINDINGDB",
                    "affinity": "Ki = 320 - 320000 nM "
                },
                {
                    "source": "BINDINGDB",
                    "affinity": "IC50 = 580 - 715 nM "
                }
            ],
            "mw": 171.22,
            "resi": 303,
            "pdb": "4YXI"
        },
        {
            "lig": "FBW",
            "chain": "A",
            "bind": [
                {
                    "source": "BINDINGMOAD",
                    "affinity": "Kd = 118 nM"
                },
                {
                    "source": "PDBBIND",
                    "affinity": "Kd = 118 nM"
                }
            ],
            "mw": 175.18,
            "resi": 1263,
            "pdb": "2WEO"
        },
        {
            "lig": "FBV",
            "chain": "A",
            "bind": [
                {
                    "source": "BINDINGMOAD",
                    "affinity": "Kd = 314 nM"
                },
                {
                    "source": "PDBBIND",
                    "affinity": "Kd = 314 nM"
                }
            ],
            "mw": 175.18,
            "resi": 1263,
            "pdb": "2WEG"
        },
        {
            "lig": "4JC",
            "chain": "A",
            "bind": [
                {
                    "source": "BINDINGDB",
                    "affinity": "Ki = 0.1 nM "
                },
                {
                    "source": "BINDINGDB",
                    "affinity": "Kd = 98300 - 125400 nM "
                }
            ],
            "mw": 185.24,
            "resi": 305,
            "pdb": "4YXO"
        },
        {
            "lig": "FB1",
            "chain": "A",
            "bind": [
                {
                    "source": "BINDINGMOAD",
                    "affinity": "Kd = 1125 nM"
                },
                {
                    "source": "PDBBIND",
                    "affinity": "Kd = 1125 nM"
                }
            ],
            "mw": 191.63,
            "resi": 1263,
            "pdb": "2WEH"
        },
        {
            "lig": "FBU",
            "chain": "A",
            "bind": [
                {
                    "source": "-",
                    "affinity": "-"
                }
            ],
            "mw": 193.17,
            "resi": 555,
            "pdb": "1IF6"
        },
        {
            "lig": "FBT",
            "chain": "A",
            "bind": [
                {
                    "source": "-",
                    "affinity": "-"
                }
            ],
            "mw": 193.17,
            "resi": 555,
            "pdb": "1IF5"
        },
        {
            "lig": "RYV",
            "chain": "B",
            "bind": [
                {
                    "source": "BINDINGMOAD",
                    "affinity": "Kd = 86 nM"
                },
                {
                    "source": "PDBBIND",
                    "affinity": "Kd = 86 nM"
                }
            ],
            "mw": 228.27,
            "resi": 1,
            "pdb": "3RYV"
        },
        {
            "lig": "RYY",
            "chain": "A",
            "bind": [
                {
                    "source": "BINDINGMOAD",
                    "affinity": "Kd = 38 nM"
                },
                {
                    "source": "PDBBIND",
                    "affinity": "Kd = 38 nM"
                }
            ],
            "mw": 242.29,
            "resi": 262,
            "pdb": "3RYY"
        },
        {
            "lig": "5RD",
            "chain": "A",
            "bind": [
                {
                    "source": "-",
                    "affinity": "-"
                }
            ],
            "mw": 242.34,
            "resi": 303,
            "pdb": "5EKH"
        },
        {
            "lig": "RZ0",
            "chain": "B",
            "bind": [
                {
                    "source": "BINDINGMOAD",
                    "affinity": "Kd = 28 nM"
                },
                {
                    "source": "PDBBIND",
                    "affinity": "Kd = 28 nM"
                }
            ],
            "mw": 256.32,
            "resi": 1,
            "pdb": "3RZ0"
        },
        {
            "lig": "RZ5",
            "chain": "A",
            "bind": [
                {
                    "source": "BINDINGMOAD",
                    "affinity": "Kd = 13 nM"
                },
                {
                    "source": "PDBBIND",
                    "affinity": "Kd = 13 nM"
                }
            ],
            "mw": 270.35,
            "resi": 262,
            "pdb": "3RZ5"
        },
        {
            "lig": "1GD",
            "chain": "A",
            "bind": [
                {
                    "source": "BINDINGDB",
                    "affinity": "Ki = 54 nM "
                },
                {
                    "source": "BINDINGMOAD",
                    "affinity": "Ki = 54 nM"
                }
            ],
            "mw": 304.36,
            "resi": 304,
            "pdb": "4ITP"
        },
        {
            "lig": "FSB",
            "chain": "A",
            "bind": [
                {
                    "source": "BINDINGDB",
                    "affinity": "Kd = 2.3 nM "
                },
                {
                    "source": "BINDINGMOAD",
                    "affinity": "Kd = 0.36 nM"
                },
                {
                    "source": "PDBBIND",
                    "affinity": "Kd = 0.36 nM"
                }
            ],
            "mw": 308.33,
            "resi": 555,
            "pdb": "1G1D"
        },
        {
            "lig": "WWZ",
            "chain": "A",
            "bind": [
                {
                    "source": "BINDINGDB",
                    "affinity": "Ki = 96 - 960 nM "
                },
                {
                    "source": "BINDINGMOAD",
                    "affinity": "Ki = 96 nM"
                },
                {
                    "source": "PDBBIND",
                    "affinity": "Ki = 96 nM"
                }
            ],
            "mw": 309.32,
            "resi": 263,
            "pdb": "3N4B"
        },
        {
            "lig": "E90",
            "chain": "A",
            "bind": [
                {
                    "source": "BINDINGDB",
                    "affinity": "Kd = 5.2 - 17 nM "
                },
                {
                    "source": "BINDINGMOAD",
                    "affinity": "Kd = 17 nM"
                },
                {
                    "source": "PDBBIND",
                    "affinity": "Kd = 12 nM"
                }
            ],
            "mw": 309.36,
            "resi": 266,
            "pdb": "3SBI"
        },
        {
            "lig": "OY0",
            "chain": "A",
            "bind": [
                {
                    "source": "BINDINGDB",
                    "affinity": "Ki = 10.1 nM "
                },
                {
                    "source": "BINDINGMOAD",
                    "affinity": "Ki = 10.1 nM"
                },
                {
                    "source": "PDBBIND",
                    "affinity": "Ki = 10.1 nM"
                }
            ],
            "mw": 312.43,
            "resi": 263,
            "pdb": "3OY0"
        },
        {
            "lig": "5UM",
            "chain": "B",
            "bind": [
                {
                    "source": "BINDINGDB",
                    "affinity": "Ki = 390 nM "
                },
                {
                    "source": "BINDINGMOAD",
                    "affinity": "Ki = 390 nM"
                },
                {
                    "source": "PDBBIND",
                    "affinity": "Ki = 390 nM"
                }
            ],
            "mw": 314.36,
            "resi": 1,
            "pdb": "3R17"
        },
        {
            "lig": "I7C",
            "chain": "A",
            "bind": [
                {
                    "source": "BINDINGDB",
                    "affinity": "IC50 = 340 nM "
                },
                {
                    "source": "BINDINGDB",
                    "affinity": "Ki = 62 - 63000 nM "
                },
                {
                    "source": "BINDINGMOAD",
                    "affinity": "Ki = 63 nM"
                },
                {
                    "source": "PDBBIND",
                    "affinity": "Ki = 63 nM"
                }
            ],
            "mw": 319.28,
            "resi": 1000,
            "pdb": "2POW"
        },
        {
            "lig": "J90",
            "chain": "A",
            "bind": [
                {
                    "source": "BINDINGDB",
                    "affinity": "Kd = 200 nM "
                },
                {
                    "source": "BINDINGMOAD",
                    "affinity": "Kd = 200 nM"
                },
                {
                    "source": "PDBBIND",
                    "affinity": "Kd = 200 nM"
                }
            ],
            "mw": 325.3,
            "resi": 263,
            "pdb": "3MHI"
        },
        {
            "lig": "F2B",
            "chain": "A",
            "bind": [
                {
                    "source": "BINDINGDB",
                    "affinity": "Kd = 1.6 nM "
                },
                {
                    "source": "BINDINGMOAD",
                    "affinity": "Kd = 0.29 nM"
                },
                {
                    "source": "PDBBIND",
                    "affinity": "Kd = 0.29 nM"
                }
            ],
            "mw": 326.32,
            "resi": 555,
            "pdb": "1G52"
        },
        {
            "lig": "TUO",
            "chain": "A",
            "bind": [
                {
                    "source": "BINDINGDB",
                    "affinity": "Ki = 7.2 nM "
                },
                {
                    "source": "BINDINGMOAD",
                    "affinity": "Ki = 7.2 nM"
                },
                {
                    "source": "PDBBIND",
                    "affinity": "Ki = 7.2 nM"
                }
            ],
            "mw": 330.36,
            "resi": 300,
            "pdb": "3B4F"
        },
        {
            "lig": "RYX",
            "chain": "B",
            "bind": [
                {
                    "source": "BINDINGMOAD",
                    "affinity": "Kd = 7.3 nM"
                },
                {
                    "source": "PDBBIND",
                    "affinity": "Kd = 7.3 nM"
                }
            ],
            "mw": 332.25,
            "resi": 1,
            "pdb": "3RYX"
        },
        {
            "lig": "AYX",
            "chain": "A",
            "bind": [
                {
                    "source": "BINDINGDB",
                    "affinity": "Ki = 15 nM "
                },
                {
                    "source": "BINDINGMOAD",
                    "affinity": "Ki = 15 nM"
                },
                {
                    "source": "PDBBIND",
                    "affinity": "Ki = 15 nM"
                }
            ],
            "mw": 336.32,
            "resi": 263,
            "pdb": "3N2P"
        },
        {
            "lig": "V13",
            "chain": "A",
            "bind": [
                {
                    "source": "BINDINGDB",
                    "affinity": "Kd = <10 - 17 nM "
                }
            ],
            "mw": 337.27,
            "resi": 305,
            "pdb": "4PZH"
        },
        {
            "lig": "J71",
            "chain": "A",
            "bind": [
                {
                    "source": "BINDINGDB",
                    "affinity": "Kd = 50 - 56 nM "
                },
                {
                    "source": "BINDINGMOAD",
                    "affinity": "Kd = 56 nM"
                },
                {
                    "source": "PDBBIND",
                    "affinity": "Kd = 56 nM"
                }
            ],
            "mw": 339.33,
            "resi": 265,
            "pdb": "3MHL"
        },
        {
            "lig": "E1F",
            "chain": "A",
            "bind": [
                {
                    "source": "BINDINGMOAD",
                    "affinity": "Kd = 11.1 nM"
                },
                {
                    "source": "PDBBIND",
                    "affinity": "Kd = 11.1 nM"
                }
            ],
            "mw": 343.81,
            "resi": 302,
            "pdb": "4KNJ"
        },
        {
            "lig": "D9H",
            "chain": "A",
            "bind": [
                {
                    "source": "BINDINGDB",
                    "affinity": "Ki = 37 nM "
                },
                {
                    "source": "BINDINGMOAD",
                    "affinity": "Ki = 37 nM"
                },
                {
                    "source": "PDBBIND",
                    "affinity": "Ki = 37 nM"
                }
            ],
            "mw": 344.78,
            "resi": 263,
            "pdb": "3MMF"
        },
        {
            "lig": "E02",
            "chain": "A",
            "bind": [
                {
                    "source": "BINDINGDB",
                    "affinity": "Kd = 530 - 1600 nM "
                }
            ],
            "mw": 349.79,
            "resi": 263,
            "pdb": "3M98"
        },
        {
            "lig": "D02",
            "chain": "A",
            "bind": [
                {
                    "source": "BINDINGDB",
                    "affinity": "Ki = 450 nM "
                }
            ],
            "mw": 354.24,
            "resi": 303,
            "pdb": "4DZ7"
        },
        {
            "lig": "J74",
            "chain": "A",
            "bind": [
                {
                    "source": "-",
                    "affinity": "-"
                }
            ],
            "mw": 357.77,
            "resi": 262,
            "pdb": "3M2N"
        },
        {
            "lig": "IE2",
            "chain": "A",
            "bind": [
                {
                    "source": "BINDINGDB",
                    "affinity": "Ki = 49 nM "
                }
            ],
            "mw": 358.44,
            "resi": 263,
            "pdb": "3QYK"
        },
        {
            "lig": "J43",
            "chain": "A",
            "bind": [
                {
                    "source": "BINDINGDB",
                    "affinity": "Kd = 170 - 320 nM "
                },
                {
                    "source": "BINDINGMOAD",
                    "affinity": "Kd = 320 nM"
                },
                {
                    "source": "PDBBIND",
                    "affinity": "Kd = 320 nM"
                }
            ],
            "mw": 358.82,
            "resi": 265,
            "pdb": "3MHO"
        },
        {
            "lig": "BL1",
            "chain": "A",
            "bind": [
                {
                    "source": "BINDINGDB",
                    "affinity": "Ki = 2520 - 2520000 nM "
                },
                {
                    "source": "BINDINGDB",
                    "affinity": "Kd = 200 - 300 nM "
                },
                {
                    "source": "BINDINGMOAD",
                    "affinity": "Ki = 2520 nM"
                },
                {
                    "source": "PDBBIND",
                    "affinity": "Ki = 2520 nM"
                }
            ],
            "mw": 365.83,
            "resi": 300,
            "pdb": "3BL1"
        },
        {
            "lig": "V50",
            "chain": "A",
            "bind": [
                {
                    "source": "BINDINGDB",
                    "affinity": "Kd = 10 nM "
                },
                {
                    "source": "BINDINGMOAD",
                    "affinity": "Kd = 10 nM"
                },
                {
                    "source": "PDBBIND",
                    "affinity": "Kd = 10 nM"
                }
            ],
            "mw": 367.34,
            "resi": 304,
            "pdb": "4HT0"
        },
        {
            "lig": "E49",
            "chain": "A",
            "bind": [
                {
                    "source": "BINDINGDB",
                    "affinity": "Kd = 150 - 220 nM "
                },
                {
                    "source": "BINDINGMOAD",
                    "affinity": "Kd = 220 nM"
                },
                {
                    "source": "PDBBIND",
                    "affinity": "Kd = 150 nM"
                }
            ],
            "mw": 371.86,
            "resi": 266,
            "pdb": "3S9T"
        },
        {
            "lig": "E1E",
            "chain": "A",
            "bind": [
                {
                    "source": "BINDINGMOAD",
                    "affinity": "Kd = 16.7 nM"
                },
                {
                    "source": "PDBBIND",
                    "affinity": "Kd = 16.7 nM"
                }
            ],
            "mw": 371.86,
            "resi": 305,
            "pdb": "4KNI"
        },
        {
            "lig": "E50",
            "chain": "A",
            "bind": [
                {
                    "source": "BINDINGDB",
                    "affinity": "Kd = 140 - 270 nM "
                },
                {
                    "source": "BINDINGMOAD",
                    "affinity": "Kd = 140 nM"
                },
                {
                    "source": "PDBBIND",
                    "affinity": "Kd = 270 nM"
                }
            ],
            "mw": 371.86,
            "resi": 263,
            "pdb": "3SAX"
        },
        {
            "lig": "JDR",
            "chain": "A",
            "bind": [
                {
                    "source": "BINDINGDB",
                    "affinity": "Kd = 24 - 43 nM "
                },
                {
                    "source": "BINDINGMOAD",
                    "affinity": "Kd = 43 nM"
                },
                {
                    "source": "PDBBIND",
                    "affinity": "Kd = 43 nM"
                }
            ],
            "mw": 372.85,
            "resi": 264,
            "pdb": "3M5E"
        },
        {
            "lig": "P9B",
            "chain": "A",
            "bind": [
                {
                    "source": "BINDINGDB",
                    "affinity": "Ki = 8 - 50 nM "
                },
                {
                    "source": "BINDINGMOAD",
                    "affinity": "Ki = 50 nM"
                },
                {
                    "source": "PDBBIND",
                    "affinity": "Ki = 50 nM"
                }
            ],
            "mw": 381.28,
            "resi": 263,
            "pdb": "3N0N"
        },
        {
            "lig": "RZ1",
            "chain": "B",
            "bind": [
                {
                    "source": "BINDINGMOAD",
                    "affinity": "Kd = 1.8 nM"
                },
                {
                    "source": "PDBBIND",
                    "affinity": "Kd = 1.8 nM"
                }
            ],
            "mw": 432.26,
            "resi": 1,
            "pdb": "3RZ1"
        },
        {
            "lig": "E27",
            "chain": "A",
            "bind": [
                {
                    "source": "BINDINGMOAD",
                    "affinity": "Kd = 30 nM"
                },
                {
                    "source": "PDBBIND",
                    "affinity": "Kd = 30 nM"
                }
            ],
            "mw": 432.9,
            "resi": 266,
            "pdb": "3MYQ"
        },
        {
            "lig": "E38",
            "chain": "A",
            "bind": [
                {
                    "source": "BINDINGMOAD",
                    "affinity": "Kd = 60 nM"
                },
                {
                    "source": "PDBBIND",
                    "affinity": "Kd = 60 nM"
                }
            ],
            "mw": 460.75,
            "resi": 265,
            "pdb": "3M96"
        }
    ],
    "substructures": [
        [
            "OY0"
        ],
        [
            "TUO"
        ],
        [
            "AYX"
        ],
        [
            "D9H"
        ],
        [
            "IE2"
        ],
        [
            "J43"
        ],
        [
            "4J8",
            "1GD"
        ],
        [
            "4J8",
            "I7C"
        ],
        [
            "4J8",
            "J90"
        ],
        [
            "4J8",
            "J71"
        ],
        [
            "4J8",
            "JDR"
        ],
        [
            "4J8",
            "4JC",
            "J74"
        ],
        [
            "4J8",
            "4JC",
            "E90",
            "E1F",
            "E1E"
        ],
        [
            "4J8",
            "RYV",
            "RYY",
            "RYX"
        ],
        [
            "4J8",
            "RYV",
            "RYY",
            "RZ0",
            "RZ5",
            "RZ1"
        ],
        [
            "4J8",
            "5RD",
            "RZ0",
            "RZ5",
            "RZ1"
        ],
        [
            "4J8",
            "FSB",
            "F2B"
        ],
        [
            "FBV",
            "FBT",
            "V13"
        ],
        [
            "FBV",
            "FBT",
            "D02"
        ],
        [
            "FBV",
            "FBT",
            "V50"
        ],
        [
            "FBW",
            "5UM"
        ],
        [
            "FBW",
            "FBU",
            "V13"
        ],
        [
            "FBW",
            "FBU",
            "D02"
        ],
        [
            "FBW",
            "FBU",
            "V50"
        ],
        [
            "FB1",
            "E02"
        ],
        [
            "FB1",
            "BL1"
        ],
        [
            "FB1",
            "E49"
        ],
        [
            "FB1",
            "E50"
        ],
        [
            "FB1",
            "E27"
        ],
        [
            "FB1",
            "E38"
        ],
        [
            "FB1",
            "E1F",
            "E1E"
        ],
        [
            "WWZ",
            "P9B"
        ]
    ],
    "summary": {
        "UniProt Accession": "P00918",
        "Fragment SMILES": "c1ccc(cc1)S(=O)(=O)N",
        "Number of Ligands": 43,
        "UniProt Name": "Carbonic anhydrase 2",
        "Fragment Name": "benzenesulfonamide",
        "Fragment ID": "FB2"
    }
}