{
    "apo": ["1JWH_B", "1NA7_A", "2R7I_A", "2R7I_B", "2R7I_C", "2R7I_D", "3AT2_A", "3FWQ_B", "3Q04_A", "3QA0_A", "3QA0_B", "3RPS_B", "3W8L_A", "3W8L_B", "4DGL_C", "4DGL_D", "4IB5_A", "4IB5_B", "4IB5_C", "4MD9_E", "4MD9_F", "4MD9_G", "4MD9_H", "4MD9_K", "4MD9_L", "4MD9_M", "4MD9_P", "5CS6_A", "5CS6_B", "5CT0_A", "5CT0_B", "5CVG_A", "5MMF_A", "5MMF_B", "5MMR_B", "5MO5_B", "5MO6_A", "5MO6_B", "5MO7_B", "5MOD_A", "5MOD_B", "5MOW_B", "5MPJ_B", "5ORH_A", "5ORH_B", "5OT6_B", "5OTZ_A", "5OUM_B", "6GIH_A"],
    "entry_name": "GAB_P68400", 
    "structures": [
        {
            "lig": "GAB",
            "chain": "A",
            "bind": [
                {
                    "source": "-",
                    "affinity": "-"
                }
            ],
            "mw": 137.14,
            "resi": 403,
            "pdb": "5CSV"
        },
        {
            "lig": "54S",
            "chain": "A",
            "bind": [
                {
                    "source": "-",
                    "affinity": "-"
                }
            ],
            "mw": 479.95,
            "resi": 404,
            "pdb": "5CU4"
        },
        {
            "lig": "C98",
            "chain": "B",
            "bind": [
                {
                    "source": "-",
                    "affinity": "-"
                }
            ],
            "mw": 479.95,
            "resi": 401,
            "pdb": "5MO8"
        }
    ],
    "substructures": [
        [
            "54S"
        ],
        [
            "C98"
        ]
    ],
    "summary": {
        "UniProt Accession": "P68400",
        "Fragment SMILES": "c1cc(cc(c1)N)C(=O)O",
        "Number of Ligands": 2,
        "UniProt Name": "Casein kinase II subunit alpha",
        "Fragment Name": "3-AMINOBENZOIC ACID",
        "Fragment ID": "GAB"
    }
}