{
    "apo": [],
    "entry_name": "GAL_P54818", 
    "structures": [
        {
            "lig": "GAL",
            "chain": "A",
            "bind": [
                {
                    "source": "-",
                    "affinity": "-"
                }
            ],
            "mw": 180.16,
            "resi": 1001,
            "pdb": "4CCE"
        },
        {
            "lig": "147",
            "chain": "A",
            "bind": [
                {
                    "source": "-",
                    "affinity": "-"
                }
            ],
            "mw": 301.25,
            "resi": 1001,
            "pdb": "4CCC"
        }
    ],
    "substructures": [
        [
            "147"
        ]
    ],
    "summary": {
        "UniProt Accession": "P54818",
        "Fragment SMILES": "C([C@@H]1[C@@H]([C@@H]([C@H]([C@@H](O1)O)O)O)O)O",
        "Number of Ligands": 1,
        "UniProt Name": "Galactocerebrosidase",
        "Fragment Name": "BETA-D-GALACTOSE",
        "Fragment ID": "GAL"
    }
}