{
    "apo": ["1HTL_D", "1HTL_E", "1HTL_F", "1HTL_G", "1JQY_N", "1LTB_D", "1LTB_E", "1LTB_F", "1LTB_G", "1LTB_H", "1LTG_D", "1LTG_E", "1LTG_F", "1LTG_G", "1LTG_H", "1LTI_F", "1LTR_D", "1LTR_E", "1LTR_F", "1LTR_G", "1LTR_H", "1LTS_D", "1LTS_E", "1LTS_F", "1LTS_G", "1LTS_H", "2O2L_D", "2O2L_E", "2O2L_F", "2O2L_G", "2O2L_H", "2O2L_I", "2O2L_J", "2O2L_K", "2O2L_L", "2O2L_M"],
    "entry_name": "GLA_P32890", 
    "structures": [
        {
            "lig": "GLA",
            "chain": "G",
            "bind": [
                {
                    "source": "-",
                    "affinity": "-"
                }
            ],
            "mw": 180.16,
            "resi": 1404,
            "pdb": "1DJR"
        },
        {
            "lig": "GAT",
            "chain": "E",
            "bind": [
                {
                    "source": "BINDINGMOAD",
                    "affinity": "IC50 = 12000000 nM"
                },
                {
                    "source": "PDBBIND",
                    "affinity": "IC50 = 12000000 nM"
                }
            ],
            "mw": 271.27,
            "resi": 105,
            "pdb": "1EFI"
        },
        {
            "lig": "GAA",
            "chain": "E",
            "bind": [
                {
                    "source": "PDBBIND",
                    "affinity": "IC50 = 500000 nM"
                }
            ],
            "mw": 301.25,
            "resi": 104,
            "pdb": "1LT6"
        },
        {
            "lig": "AI1",
            "chain": "H",
            "bind": [
                {
                    "source": "BINDINGMOAD",
                    "affinity": "IC50 = 14000000 nM"
                },
                {
                    "source": "PDBBIND",
                    "affinity": "IC50 = 14000000 nM"
                }
            ],
            "mw": 389.4,
            "resi": 104,
            "pdb": "1FD7"
        },
        {
            "lig": "A32",
            "chain": "E",
            "bind": [
                {
                    "source": "BINDINGMOAD",
                    "affinity": "Ki = 12000 nM"
                },
                {
                    "source": "PDBBIND",
                    "affinity": "Ki = 12000 nM"
                }
            ],
            "mw": 471.46,
            "resi": 104,
            "pdb": "1JQY"
        },
        {
            "lig": "1DM",
            "chain": "G",
            "bind": [
                {
                    "source": "BINDINGMOAD",
                    "affinity": "Kd = 60000 nM"
                },
                {
                    "source": "PDBBIND",
                    "affinity": "Kd = 60000 nM"
                }
            ],
            "mw": 556.56,
            "resi": 107,
            "pdb": "1PZI"
        }
    ],
    "substructures": [
        [
            "GAT"
        ],
        [
            "GAA"
        ],
        [
            "AI1"
        ],
        [
            "A32"
        ],
        [
            "1DM"
        ]
    ],
    "summary": {
        "UniProt Accession": "P32890",
        "Fragment SMILES": "C([C@@H]1[C@@H]([C@@H]([C@H]([C@H](O1)O)O)O)O)O",
        "Number of Ligands": 5,
        "UniProt Name": "Heat-labile enterotoxin B chain",
        "Fragment Name": "ALPHA D-GALACTOSE",
        "Fragment ID": "GLA"
    }
}