{
    "apo": ["4FNQ_A"],
    "entry_name": "GLA_Q9ALJ4", 
    "structures": [
        {
            "lig": "GLA",
            "chain": "B",
            "bind": [
                {
                    "source": "-",
                    "affinity": "-"
                }
            ],
            "mw": 180.16,
            "resi": 801,
            "pdb": "4FNU"
        },
        {
            "lig": "RAF",
            "chain": "C",
            "bind": [
                {
                    "source": "-",
                    "affinity": "-"
                }
            ],
            "mw": 504.44,
            "resi": 801,
            "pdb": "4FNT"
        }
    ],
    "substructures": [
        [
            "RAF"
        ]
    ],
    "summary": {
        "UniProt Accession": "Q9ALJ4",
        "Fragment SMILES": "C([C@@H]1[C@@H]([C@@H]([C@H]([C@H](O1)O)O)O)O)O",
        "Number of Ligands": 1,
        "UniProt Name": "Alpha-galactosidase AgaA",
        "Fragment Name": "ALPHA D-GALACTOSE",
        "Fragment ID": "GLA"
    }
}