{
    "apo": [],
    "entry_name": "GLA_A0A083ZM57", 
    "structures": [
        {
            "lig": "GLA",
            "chain": "B",
            "bind": [
                {
                    "source": "-",
                    "affinity": "-"
                }
            ],
            "mw": 180.16,
            "resi": 701,
            "pdb": "6EQ0"
        },
        {
            "lig": "MLB",
            "chain": "B",
            "bind": [
                {
                    "source": "-",
                    "affinity": "-"
                }
            ],
            "mw": 342.3,
            "resi": 704,
            "pdb": "6EPZ"
        },
        {
            "lig": "BQZ",
            "chain": "A",
            "bind": [
                {
                    "source": "-",
                    "affinity": "-"
                }
            ],
            "mw": 342.3,
            "resi": 716,
            "pdb": "6EQ8"
        },
        {
            "lig": "RAF",
            "chain": "A",
            "bind": [
                {
                    "source": "-",
                    "affinity": "-"
                }
            ],
            "mw": 504.44,
            "resi": 701,
            "pdb": "6EPY"
        },
        {
            "lig": "STW",
            "chain": "B",
            "bind": [
                {
                    "source": "-",
                    "affinity": "-"
                }
            ],
            "mw": 666.58,
            "resi": 726,
            "pdb": "6EQ1"
        }
    ],
    "substructures": [
        [
            "BQZ"
        ],
        [
            "STW"
        ],
        [
            "MLB",
            "RAF"
        ]
    ],
    "summary": {
        "UniProt Accession": "A0A083ZM57",
        "Fragment SMILES": "C([C@@H]1[C@@H]([C@@H]([C@H]([C@H](O1)O)O)O)O)O",
        "Number of Ligands": 4,
        "UniProt Name": "Periplasmic alpha-galactoside-binding protein",
        "Fragment Name": "ALPHA D-GALACTOSE",
        "Fragment ID": "GLA"
    }
}