{
    "apo": ["3D3I_A", "3D3I_B"],
    "entry_name": "GLA_P42592", 
    "structures": [
        {
            "lig": "GLA",
            "chain": "B",
            "bind": [
                {
                    "source": "-",
                    "affinity": "-"
                }
            ],
            "mw": 180.16,
            "resi": 1002,
            "pdb": "3W7U"
        },
        {
            "lig": "MLB",
            "chain": "A",
            "bind": [
                {
                    "source": "-",
                    "affinity": "-"
                }
            ],
            "mw": 342.3,
            "resi": 1002,
            "pdb": "3W7X"
        }
    ],
    "substructures": [
        [
            "MLB"
        ]
    ],
    "summary": {
        "UniProt Accession": "P42592",
        "Fragment SMILES": "C([C@@H]1[C@@H]([C@@H]([C@H]([C@H](O1)O)O)O)O)O",
        "Number of Ligands": 1,
        "UniProt Name": "Glucosidase YgjK",
        "Fragment Name": "ALPHA D-GALACTOSE",
        "Fragment ID": "GLA"
    }
}