{
    "apo": ["1CHP_F", "1CHP_G", "1CHQ_D", "1CHQ_E", "1CHQ_F", "1CHQ_G", "1CHQ_H", "1CT1_D", "1CT1_E", "1CT1_H", "1FGB_F", "1FGB_G", "1FGB_H", "1G8Z_E", "1MD2_G", "1MD2_H", "1S5B_D", "1S5B_E", "1S5B_G", "1S5B_H", "1S5C_D", "1S5C_E", "1S5C_F", "1S5C_G", "1S5C_H", "1S5E_E", "1S5E_F", "1S5E_G", "1S5E_H", "1S5E_K", "1S5E_L", "1S5E_M", "1S5E_N", "1XTC_D", "1XTC_E", "1XTC_F", "1XTC_G", "5ELC_B", "5ELC_C", "5ELC_D", "5ELC_E", "5ELC_F", "5ELC_G", "5ELC_H", "5ELC_I", "5ELC_J", "5ELD_B", "5ELD_D", "5ELE_A", "5ELE_B", "5ELE_C", "5ELE_F", "5ELE_G", "5ELE_H", "5ELE_I", "5ELE_J", "5ELF_A", "5ELF_B", "5ELF_C", "5ELF_D", "5ELF_F", "5ELF_G", "5ELF_H", "5ELF_I", "5ELF_J", "5LZJ_A", "5LZJ_B", "5LZJ_E"],
    "entry_name": "GLA_Q57193", 
    "structures": [
        {
            "lig": "GLA",
            "chain": "D",
            "bind": [
                {
                    "source": "-",
                    "affinity": "-"
                }
            ],
            "mw": 180.16,
            "resi": 205,
            "pdb": "5ELB"
        },
        {
            "lig": "GAA",
            "chain": "E",
            "bind": [
                {
                    "source": "BINDINGMOAD",
                    "affinity": "IC50 = 700000 nM"
                },
                {
                    "source": "PDBBIND",
                    "affinity": "IC50 = 700000 nM"
                }
            ],
            "mw": 301.25,
            "resi": 505,
            "pdb": "1EEI"
        },
        {
            "lig": "FNG",
            "chain": "F",
            "bind": [
                {
                    "source": "-",
                    "affinity": "-"
                }
            ],
            "mw": 344.27,
            "resi": 104,
            "pdb": "1LLR"
        },
        {
            "lig": "J15",
            "chain": "F",
            "bind": [
                {
                    "source": "BINDINGMOAD",
                    "affinity": "IC50 = 320000 nM"
                }
            ],
            "mw": 527.57,
            "resi": 106,
            "pdb": "1PZJ"
        },
        {
            "lig": "J12",
            "chain": "H",
            "bind": [
                {
                    "source": "BINDINGMOAD",
                    "affinity": "IC50 = 200000 nM"
                }
            ],
            "mw": 621.75,
            "resi": 108,
            "pdb": "1PZK"
        }
    ],
    "substructures": [
        [
            "GAA"
        ],
        [
            "FNG"
        ],
        [
            "J15"
        ],
        [
            "J12"
        ]
    ],
    "summary": {
        "UniProt Accession": "Q57193",
        "Fragment SMILES": "C([C@@H]1[C@@H]([C@@H]([C@H]([C@H](O1)O)O)O)O)O",
        "Number of Ligands": 4,
        "UniProt Name": "Cholera enterotoxin B-subunit",
        "Fragment Name": "ALPHA D-GALACTOSE",
        "Fragment ID": "GLA"
    }
}