{
    "apo": ["2MLR_A"],
    "entry_name": "HAE_P39900", 
    "structures": [
        {
            "lig": "HAE",
            "chain": "D",
            "bind": [
                {
                    "source": "-",
                    "affinity": "-"
                }
            ],
            "mw": 75.07,
            "resi": 574,
            "pdb": "1OS2"
        },
        {
            "lig": "Z79",
            "chain": "A",
            "bind": [
                {
                    "source": "BINDINGDB",
                    "affinity": "Ki = 20 nM "
                },
                {
                    "source": "BINDINGMOAD",
                    "affinity": "Kd = 19.7 nM"
                },
                {
                    "source": "PDBBIND",
                    "affinity": "Kd = 19.7 nM"
                }
            ],
            "mw": 260.27,
            "resi": 0,
            "pdb": "3LK8"
        },
        {
            "lig": "NHK",
            "chain": "A",
            "bind": [
                {
                    "source": "BINDINGDB",
                    "affinity": "Ki = 7.6 nM "
                },
                {
                    "source": "BINDINGMOAD",
                    "affinity": "Kd = 7.88 nM"
                },
                {
                    "source": "PDBBIND",
                    "affinity": "Kd = 7.88 nM"
                }
            ],
            "mw": 304.32,
            "resi": 0,
            "pdb": "3NX7"
        },
        {
            "lig": "JT5",
            "chain": "A",
            "bind": [
                {
                    "source": "BINDINGDB",
                    "affinity": "Ki = 31 nM "
                },
                {
                    "source": "PDBBIND",
                    "affinity": "Ki = 31 nM"
                }
            ],
            "mw": 350.39,
            "resi": 0,
            "pdb": "3N2V"
        },
        {
            "lig": "10B",
            "chain": "A",
            "bind": [
                {
                    "source": "-",
                    "affinity": "-"
                }
            ],
            "mw": 364.42,
            "resi": 306,
            "pdb": "4H76"
        },
        {
            "lig": "CGS",
            "chain": "B",
            "bind": [
                {
                    "source": "PDBBIND",
                    "affinity": "IC50 = 2 nM"
                }
            ],
            "mw": 393.46,
            "resi": 999,
            "pdb": "1JIZ"
        }
    ],
    "substructures": [
        [
            "JT5"
        ],
        [
            "10B"
        ],
        [
            "Z79",
            "NHK"
        ],
        [
            "Z79",
            "CGS"
        ]
    ],
    "summary": {
        "UniProt Accession": "P39900",
        "Fragment SMILES": "CC(=O)NO",
        "Number of Ligands": 5,
        "UniProt Name": "Macrophage metalloelastase",
        "Fragment Name": "ACETOHYDROXAMIC ACID",
        "Fragment ID": "HAE"
    }
}