{
    "apo": ["3KR7_A", "4PNN_D", "4PNQ_D", "4PNR_D", "4PNS_D", "4PNT_D", "4TJW_D", "4TJY_D", "4TK0_D"],
    "entry_name": "JPZ_Q9H2K2", 
    "structures": [
        {
            "lig": "JPZ",
            "chain": "B",
            "bind": [
                {
                    "source": "-",
                    "affinity": "-"
                }
            ],
            "mw": 146.15,
            "resi": 1202,
            "pdb": "4PNN"
        },
        {
            "lig": "F40",
            "chain": "B",
            "bind": [
                {
                    "source": "BINDINGMOAD",
                    "affinity": "IC50 = 59 nM"
                }
            ],
            "mw": 222.24,
            "resi": 2165,
            "pdb": "4BU3"
        },
        {
            "lig": "SZ5",
            "chain": "A",
            "bind": [
                {
                    "source": "-",
                    "affinity": "-"
                }
            ],
            "mw": 236.27,
            "resi": 2165,
            "pdb": "4UHG"
        },
        {
            "lig": "RGK",
            "chain": "B",
            "bind": [
                {
                    "source": "BINDINGMOAD",
                    "affinity": "IC50 = 73 nM"
                }
            ],
            "mw": 237.26,
            "resi": 2165,
            "pdb": "4BU6"
        },
        {
            "lig": "3F4",
            "chain": "B",
            "bind": [
                {
                    "source": "BINDINGMOAD",
                    "affinity": "IC50 = 102 nM"
                }
            ],
            "mw": 238.24,
            "resi": 2162,
            "pdb": "4BU5"
        },
        {
            "lig": "M3W",
            "chain": "A",
            "bind": [
                {
                    "source": "BINDINGDB",
                    "affinity": "IC50 = 6.7 nM "
                }
            ],
            "mw": 250.29,
            "resi": 2165,
            "pdb": "4UFY"
        },
        {
            "lig": "VT3",
            "chain": "A",
            "bind": [
                {
                    "source": "-",
                    "affinity": "-"
                }
            ],
            "mw": 252.27,
            "resi": 2116,
            "pdb": "4UI7"
        },
        {
            "lig": "08C",
            "chain": "A",
            "bind": [
                {
                    "source": "BINDINGMOAD",
                    "affinity": "IC50 = 9 nM"
                }
            ],
            "mw": 252.27,
            "resi": 2165,
            "pdb": "4BU9"
        },
        {
            "lig": "97K",
            "chain": "A",
            "bind": [
                {
                    "source": "-",
                    "affinity": "-"
                }
            ],
            "mw": 262.27,
            "resi": 1204,
            "pdb": "5NSX"
        },
        {
            "lig": "F36",
            "chain": "A",
            "bind": [
                {
                    "source": "BINDINGMOAD",
                    "affinity": "IC50 = 38 nM"
                }
            ],
            "mw": 264.28,
            "resi": 2162,
            "pdb": "4BUF"
        },
        {
            "lig": "BJ4",
            "chain": "A",
            "bind": [
                {
                    "source": "-",
                    "affinity": "-"
                }
            ],
            "mw": 266.3,
            "resi": 2116,
            "pdb": "4UI5"
        },
        {
            "lig": "9AQ",
            "chain": "A",
            "bind": [
                {
                    "source": "-",
                    "affinity": "-"
                }
            ],
            "mw": 266.3,
            "resi": 1204,
            "pdb": "5NVE"
        },
        {
            "lig": "91F",
            "chain": "A",
            "bind": [
                {
                    "source": "BINDINGMOAD",
                    "affinity": "IC50 = 35 nM"
                }
            ],
            "mw": 268.33,
            "resi": 2163,
            "pdb": "4BUA"
        },
        {
            "lig": "29F",
            "chain": "B",
            "bind": [
                {
                    "source": "-",
                    "affinity": "-"
                }
            ],
            "mw": 278.35,
            "resi": 2164,
            "pdb": "5AKU"
        },
        {
            "lig": "W2E",
            "chain": "A",
            "bind": [
                {
                    "source": "BINDINGMOAD",
                    "affinity": "IC50 = 23 nM"
                }
            ],
            "mw": 280.28,
            "resi": 2166,
            "pdb": "4BUI"
        },
        {
            "lig": "9A8",
            "chain": "A",
            "bind": [
                {
                    "source": "-",
                    "affinity": "-"
                }
            ],
            "mw": 280.32,
            "resi": 1204,
            "pdb": "5NUT"
        },
        {
            "lig": "06R",
            "chain": "A",
            "bind": [
                {
                    "source": "-",
                    "affinity": "-"
                }
            ],
            "mw": 290.24,
            "resi": 2115,
            "pdb": "4UI3"
        },
        {
            "lig": "9C8",
            "chain": "A",
            "bind": [
                {
                    "source": "-",
                    "affinity": "-"
                }
            ],
            "mw": 293.36,
            "resi": 1201,
            "pdb": "5NWD"
        },
        {
            "lig": "9C5",
            "chain": "A",
            "bind": [
                {
                    "source": "-",
                    "affinity": "-"
                }
            ],
            "mw": 295.34,
            "resi": 1204,
            "pdb": "5NWB"
        },
        {
            "lig": "32F",
            "chain": "B",
            "bind": [
                {
                    "source": "BINDINGMOAD",
                    "affinity": "IC50 = 176 nM"
                }
            ],
            "mw": 296.28,
            "resi": 3165,
            "pdb": "4BUS"
        },
        {
            "lig": "9AW",
            "chain": "A",
            "bind": [
                {
                    "source": "-",
                    "affinity": "-"
                }
            ],
            "mw": 299.33,
            "resi": 1204,
            "pdb": "5NVF"
        },
        {
            "lig": "25F",
            "chain": "A",
            "bind": [
                {
                    "source": "BINDINGMOAD",
                    "affinity": "IC50 = 11 nM"
                }
            ],
            "mw": 301.14,
            "resi": 2165,
            "pdb": "4BU7"
        },
        {
            "lig": "31F",
            "chain": "A",
            "bind": [
                {
                    "source": "BINDINGMOAD",
                    "affinity": "IC50 = 12 nM"
                }
            ],
            "mw": 301.32,
            "resi": 3165,
            "pdb": "4BUT"
        },
        {
            "lig": "2ZI",
            "chain": "B",
            "bind": [
                {
                    "source": "BINDINGDB",
                    "affinity": "IC50 = 10 nM "
                }
            ],
            "mw": 304.27,
            "resi": 2165,
            "pdb": "4UFU"
        },
        {
            "lig": "9B2",
            "chain": "A",
            "bind": [
                {
                    "source": "-",
                    "affinity": "-"
                }
            ],
            "mw": 305.37,
            "resi": 1204,
            "pdb": "5NVH"
        },
        {
            "lig": "IY5",
            "chain": "A",
            "bind": [
                {
                    "source": "-",
                    "affinity": "-"
                }
            ],
            "mw": 306.24,
            "resi": 2115,
            "pdb": "4UI8"
        },
        {
            "lig": "F33",
            "chain": "B",
            "bind": [
                {
                    "source": "BINDINGMOAD",
                    "affinity": "IC50 = 15 nM"
                }
            ],
            "mw": 307.3,
            "resi": 2165,
            "pdb": "4BUW"
        },
        {
            "lig": "97Z",
            "chain": "A",
            "bind": [
                {
                    "source": "-",
                    "affinity": "-"
                }
            ],
            "mw": 307.35,
            "resi": 1204,
            "pdb": "5NT4"
        },
        {
            "lig": "F38",
            "chain": "A",
            "bind": [
                {
                    "source": "BINDINGMOAD",
                    "affinity": "IC50 = 56 nM"
                }
            ],
            "mw": 315.35,
            "resi": 2162,
            "pdb": "4BUU"
        },
        {
            "lig": "ECZ",
            "chain": "A",
            "bind": [
                {
                    "source": "-",
                    "affinity": "-"
                }
            ],
            "mw": 320.27,
            "resi": 2113,
            "pdb": "4UI6"
        },
        {
            "lig": "JQF",
            "chain": "B",
            "bind": [
                {
                    "source": "BINDINGMOAD",
                    "affinity": "IC50 = 71 nM"
                }
            ],
            "mw": 321.37,
            "resi": 2165,
            "pdb": "4BUE"
        },
        {
            "lig": "9CB",
            "chain": "A",
            "bind": [
                {
                    "source": "-",
                    "affinity": "-"
                }
            ],
            "mw": 329.78,
            "resi": 1203,
            "pdb": "5NWG"
        },
        {
            "lig": "F35",
            "chain": "A",
            "bind": [
                {
                    "source": "BINDINGMOAD",
                    "affinity": "IC50 = 34 nM"
                }
            ],
            "mw": 334.33,
            "resi": 2166,
            "pdb": "4BUX"
        },
        {
            "lig": "F37",
            "chain": "B",
            "bind": [
                {
                    "source": "-",
                    "affinity": "-"
                }
            ],
            "mw": 334.33,
            "resi": 1204,
            "pdb": "5OWS"
        },
        {
            "lig": "16I",
            "chain": "A",
            "bind": [
                {
                    "source": "BINDINGMOAD",
                    "affinity": "IC50 = 21 nM"
                }
            ],
            "mw": 347.39,
            "resi": 2165,
            "pdb": "4BUV"
        },
        {
            "lig": "RJN",
            "chain": "A",
            "bind": [
                {
                    "source": "-",
                    "affinity": "-"
                }
            ],
            "mw": 385.42,
            "resi": 2116,
            "pdb": "4UI4"
        },
        {
            "lig": "Q28",
            "chain": "B",
            "bind": [
                {
                    "source": "-",
                    "affinity": "-"
                }
            ],
            "mw": 477.51,
            "resi": 2163,
            "pdb": "5FPG"
        }
    ],
    "substructures": [
        [
            "F40",
            "97K"
        ],
        [
            "F40",
            "91F"
        ],
        [
            "F40",
            "9AW"
        ],
        [
            "F40",
            "25F"
        ],
        [
            "F40",
            "31F"
        ],
        [
            "F40",
            "SZ5",
            "F36"
        ],
        [
            "F40",
            "SZ5",
            "29F"
        ],
        [
            "F40",
            "SZ5",
            "W2E"
        ],
        [
            "F40",
            "SZ5",
            "F38"
        ],
        [
            "F40",
            "SZ5",
            "F35"
        ],
        [
            "F40",
            "SZ5",
            "F37"
        ],
        [
            "F40",
            "SZ5",
            "RJN"
        ],
        [
            "F40",
            "SZ5",
            "M3W",
            "2ZI"
        ],
        [
            "F40",
            "SZ5",
            "VT3",
            "BJ4",
            "ECZ"
        ],
        [
            "F40",
            "SZ5",
            "VT3",
            "IY5",
            "ECZ"
        ],
        [
            "F40",
            "SZ5",
            "06R",
            "2ZI"
        ],
        [
            "F40",
            "SZ5",
            "06R",
            "IY5",
            "ECZ"
        ],
        [
            "F40",
            "RGK",
            "JQF"
        ],
        [
            "F40",
            "RGK",
            "16I"
        ],
        [
            "F40",
            "RGK",
            "9C8",
            "9B2"
        ],
        [
            "F40",
            "RGK",
            "9C8",
            "97Z"
        ],
        [
            "F40",
            "RGK",
            "9C5",
            "F33"
        ],
        [
            "F40",
            "RGK",
            "9C5",
            "97Z"
        ],
        [
            "F40",
            "RGK",
            "9C5",
            "9CB"
        ],
        [
            "F40",
            "3F4",
            "08C",
            "9AQ",
            "9A8"
        ],
        [
            "F40",
            "3F4",
            "08C",
            "9AQ",
            "32F"
        ],
        [
            "Q28"
        ]
    ],
    "summary": {
        "UniProt Accession": "Q9H2K2",
        "Fragment SMILES": "c1ccc2c(c1)C(=O)N=CN2",
        "Number of Ligands": 36,
        "UniProt Name": "Poly [ADP-ribose] polymerase tankyrase-2",
        "Fragment Name": "quinazolin-4(1H)-one",
        "Fragment ID": "JPZ"
    }
}