{
    "apo": ["1BUH_A", "1F5Q_A", "1F5Q_C", "1H24_A", "1H24_C", "1H25_A", "1H25_C", "1H26_A", "1H26_C", "1H27_A", "1H27_C", "1H28_A", "1H28_C", "1HCL_A", "1OKV_A", "1OKV_C", "1OKW_A", "1OKW_C", "1OL1_A", "1OL1_C", "1OL2_A", "1OL2_C", "1PW2_A", "1URC_A", "1URC_C", "1W98_A", "2JGZ_A", "2V22_A", "2V22_C", "2WFY_A", "2WFY_C", "2WHB_A", "2WHB_C", "2WMA_A", "2WMA_C", "2WMB_C", "3EID_C", "3PXF_A", "3PXR_A", "4EK3_A", "5ANO_A", "5IF1_A", "5IF1_C", "5OO0_A", "5OSJ_A", "5UQ1_A", "5UQ1_C", "5UQ2_A"],
    "entry_name": "LZ1_P24941", 
    "structures": [
        {
            "lig": "LZ1",
            "chain": "A",
            "bind": [
                {
                    "source": "BINDINGDB",
                    "affinity": "IC50 = 185000 nM "
                },
                {
                    "source": "BINDINGMOAD",
                    "affinity": "IC50 = 185000 nM"
                },
                {
                    "source": "PDBBIND",
                    "affinity": "IC50 = 185000 nM"
                }
            ],
            "mw": 118.14,
            "resi": 1301,
            "pdb": "2VTA"
        },
        {
            "lig": "A07",
            "chain": "A",
            "bind": [
                {
                    "source": "BINDINGDB",
                    "affinity": "IC50 = 2500 nM "
                },
                {
                    "source": "BINDINGMOAD",
                    "affinity": "Ki = 2500 nM"
                },
                {
                    "source": "PDBBIND",
                    "affinity": "IC50 = 2500 nM"
                }
            ],
            "mw": 313.78,
            "resi": 299,
            "pdb": "3LFS"
        },
        {
            "lig": "A28",
            "chain": "A",
            "bind": [
                {
                    "source": "-",
                    "affinity": "-"
                }
            ],
            "mw": 315.32,
            "resi": 299,
            "pdb": "3LFQ"
        },
        {
            "lig": "LZ3",
            "chain": "A",
            "bind": [
                {
                    "source": "BINDINGMOAD",
                    "affinity": "IC50 = 660 nM"
                },
                {
                    "source": "PDBBIND",
                    "affinity": "IC50 = 660 nM"
                }
            ],
            "mw": 316.33,
            "resi": 1299,
            "pdb": "2VTI"
        },
        {
            "lig": "SBC",
            "chain": "C",
            "bind": [
                {
                    "source": "PDBBIND",
                    "affinity": "IC50 = 7 nM"
                }
            ],
            "mw": 356.36,
            "resi": 1298,
            "pdb": "2BKZ"
        },
        {
            "lig": "A27",
            "chain": "A",
            "bind": [
                {
                    "source": "BINDINGMOAD",
                    "affinity": "Ki = 3160 nM"
                },
                {
                    "source": "PDBBIND",
                    "affinity": "IC50 = 3160 nM"
                }
            ],
            "mw": 371.43,
            "resi": 299,
            "pdb": "3LFN"
        },
        {
            "lig": "EZV",
            "chain": "A",
            "bind": [
                {
                    "source": "PDBBIND",
                    "affinity": "IC50 = 1040 nM"
                }
            ],
            "mw": 423.51,
            "resi": 300,
            "pdb": "3EZV"
        },
        {
            "lig": "EZR",
            "chain": "A",
            "bind": [
                {
                    "source": "PDBBIND",
                    "affinity": "IC50 = 10000 nM"
                }
            ],
            "mw": 453.54,
            "resi": 300,
            "pdb": "3EZR"
        },
        {
            "lig": "740",
            "chain": "A",
            "bind": [
                {
                    "source": "BINDINGDB",
                    "affinity": "IC50 = 30 nM "
                },
                {
                    "source": "BINDINGMOAD",
                    "affinity": "IC50 = 30 nM"
                },
                {
                    "source": "PDBBIND",
                    "affinity": "IC50 = 30 nM"
                }
            ],
            "mw": 453.56,
            "resi": 500,
            "pdb": "2R64"
        }
    ],
    "substructures": [
        [
            "A07"
        ],
        [
            "A28"
        ],
        [
            "LZ3"
        ],
        [
            "SBC"
        ],
        [
            "A27"
        ],
        [
            "EZV"
        ],
        [
            "EZR"
        ],
        [
            "740"
        ]
    ],
    "summary": {
        "UniProt Accession": "P24941",
        "Fragment SMILES": "c1ccc2c(c1)cn[nH]2",
        "Number of Ligands": 8,
        "UniProt Name": "Cyclin-dependent kinase 2",
        "Fragment Name": "1H-indazole",
        "Fragment ID": "LZ1"
    }
}