{
    "apo": ["1BUH_A", "1F5Q_A", "1F5Q_C", "1H24_A", "1H24_C", "1H25_A", "1H25_C", "1H26_A", "1H26_C", "1H27_A", "1H27_C", "1H28_A", "1H28_C", "1HCL_A", "1OKV_A", "1OKV_C", "1OKW_A", "1OKW_C", "1OL1_A", "1OL1_C", "1OL2_A", "1OL2_C", "1PW2_A", "1URC_A", "1URC_C", "1W98_A", "2JGZ_A", "2V22_A", "2V22_C", "2WFY_A", "2WFY_C", "2WHB_A", "2WHB_C", "2WMA_A", "2WMA_C", "2WMB_A", "2WMB_C", "3EID_C", "3PXF_A", "3PXR_A", "4EK3_A", "5ANO_A", "5IF1_A", "5IF1_C", "5OO0_A", "5OSJ_A", "5UQ1_A", "5UQ1_C", "5UQ2_A"],
    "entry_name": "LZ5_P24941", 
    "structures": [
        {
            "lig": "LZ5",
            "chain": "A",
            "bind": [
                {
                    "source": "BINDINGMOAD",
                    "affinity": "IC50 = 97000 nM"
                },
                {
                    "source": "PDBBIND",
                    "affinity": "IC50 = 97000 nM"
                }
            ],
            "mw": 187.2,
            "resi": 1299,
            "pdb": "2VTL"
        },
        {
            "lig": "LZ3",
            "chain": "A",
            "bind": [
                {
                    "source": "BINDINGMOAD",
                    "affinity": "IC50 = 660 nM"
                },
                {
                    "source": "PDBBIND",
                    "affinity": "IC50 = 660 nM"
                }
            ],
            "mw": 316.33,
            "resi": 1299,
            "pdb": "2VTI"
        },
        {
            "lig": "LZ8",
            "chain": "A",
            "bind": [
                {
                    "source": "BINDINGMOAD",
                    "affinity": "IC50 = 140 nM"
                },
                {
                    "source": "PDBBIND",
                    "affinity": "IC50 = 140 nM"
                }
            ],
            "mw": 324.31,
            "resi": 1299,
            "pdb": "2VTO"
        },
        {
            "lig": "LZ9",
            "chain": "A",
            "bind": [
                {
                    "source": "BINDINGMOAD",
                    "affinity": "IC50 = 3 nM"
                },
                {
                    "source": "PDBBIND",
                    "affinity": "IC50 = 3 nM"
                }
            ],
            "mw": 360.29,
            "resi": 1299,
            "pdb": "2VTP"
        }
    ],
    "substructures": [
        [
            "LZ3"
        ],
        [
            "LZ8",
            "LZ9"
        ]
    ],
    "summary": {
        "UniProt Accession": "P24941",
        "Fragment SMILES": "c1ccc(cc1)NC(=O)c2cc[nH]n2",
        "Number of Ligands": 3,
        "UniProt Name": "Cyclin-dependent kinase 2",
        "Fragment Name": "N-phenyl-1H-pyrazole-3-carboxamide",
        "Fragment ID": "LZ5"
    }
}