{
    "apo": ["1BUH_A", "1F5Q_A", "1F5Q_C", "1H24_A", "1H24_C", "1H25_A", "1H25_C", "1H26_A", "1H26_C", "1H27_A", "1H27_C", "1H28_A", "1H28_C", "1HCL_A", "1OKV_A", "1OKV_C", "1OKW_A", "1OKW_C", "1OL1_A", "1OL1_C", "1OL2_A", "1OL2_C", "1PW2_A", "1URC_A", "1URC_C", "1W98_A", "2JGZ_A", "2V22_A", "2V22_C", "2WFY_A", "2WFY_C", "2WHB_A", "2WHB_C", "2WMA_A", "2WMA_C", "2WMB_A", "2WMB_C", "3EID_C", "3PXF_A", "3PXR_A", "4EK3_A", "5ANO_A", "5IF1_A", "5IF1_C", "5OO0_A", "5OSJ_A", "5UQ1_A", "5UQ1_C", "5UQ2_A"],
    "entry_name": "LZM_P24941", 
    "structures": [
        {
            "lig": "LZM",
            "chain": "A",
            "bind": [
                {
                    "source": "BINDINGMOAD",
                    "affinity": "IC50 = ~1000000 nM"
                },
                {
                    "source": "PDBBIND",
                    "affinity": "IC50 = 1000000 nM"
                }
            ],
            "mw": 144.13,
            "resi": 1299,
            "pdb": "2VTM"
        },
        {
            "lig": "LZC",
            "chain": "A",
            "bind": [
                {
                    "source": "BINDINGMOAD",
                    "affinity": "IC50 = 30 nM"
                },
                {
                    "source": "PDBBIND",
                    "affinity": "IC50 = 30 nM"
                }
            ],
            "mw": 313.4,
            "resi": 1299,
            "pdb": "2VTS"
        }
    ],
    "substructures": [
        [
            "LZC"
        ]
    ],
    "summary": {
        "UniProt Accession": "P24941",
        "Fragment SMILES": "c1cnc2c(cnn2c1)C#N",
        "Number of Ligands": 1,
        "UniProt Name": "Cyclin-dependent kinase 2",
        "Fragment Name": "PYRAZOLO[1,5-A]PYRIMIDINE-3-CARBONITRILE",
        "Fragment ID": "LZM"
    }
}