{
    "apo": ["2MLR_A"],
    "entry_name": "M4S_P39900", 
    "structures": [
        {
            "lig": "M4S",
            "chain": "A",
            "bind": [
                {
                    "source": "BINDINGMOAD",
                    "affinity": "Kd = 1500000 nM"
                },
                {
                    "source": "PDBBIND",
                    "affinity": "Kd = 1500000 nM"
                }
            ],
            "mw": 187.22,
            "resi": 1,
            "pdb": "3LKA"
        },
        {
            "lig": "Z79",
            "chain": "A",
            "bind": [
                {
                    "source": "BINDINGDB",
                    "affinity": "Ki = 20 nM "
                },
                {
                    "source": "BINDINGMOAD",
                    "affinity": "Kd = 19.7 nM"
                },
                {
                    "source": "PDBBIND",
                    "affinity": "Kd = 19.7 nM"
                }
            ],
            "mw": 260.27,
            "resi": 0,
            "pdb": "3LK8"
        },
        {
            "lig": "NHK",
            "chain": "A",
            "bind": [
                {
                    "source": "BINDINGDB",
                    "affinity": "Ki = 7.6 nM "
                },
                {
                    "source": "BINDINGMOAD",
                    "affinity": "Kd = 7.88 nM"
                },
                {
                    "source": "PDBBIND",
                    "affinity": "Kd = 7.88 nM"
                }
            ],
            "mw": 304.32,
            "resi": 0,
            "pdb": "3NX7"
        },
        {
            "lig": "HS1",
            "chain": "A",
            "bind": [
                {
                    "source": "BINDINGMOAD",
                    "affinity": "Kd = 7.88 nM"
                },
                {
                    "source": "PDBBIND",
                    "affinity": "Kd = 7.88 nM"
                }
            ],
            "mw": 332.33,
            "resi": 0,
            "pdb": "3F15"
        },
        {
            "lig": "CGS",
            "chain": "B",
            "bind": [
                {
                    "source": "PDBBIND",
                    "affinity": "IC50 = 2 nM"
                }
            ],
            "mw": 393.46,
            "resi": 999,
            "pdb": "1JIZ"
        }
    ],
    "substructures": [
        [
            "HS1"
        ],
        [
            "Z79",
            "NHK"
        ],
        [
            "Z79",
            "CGS"
        ]
    ],
    "summary": {
        "UniProt Accession": "P39900",
        "Fragment SMILES": "COc1ccc(cc1)S(=O)(=O)N",
        "Number of Ligands": 4,
        "UniProt Name": "Macrophage metalloelastase",
        "Fragment Name": "4-methoxybenzenesulfonamide",
        "Fragment ID": "M4S"
    }
}