{
    "apo": ["4RV6_C", "4RV6_D", "4XHU_A", "4XHU_C", "5HA9_A"],
    "entry_name": "MEW_P09874", 
    "structures": [
        {
            "lig": "MEW",
            "chain": "B",
            "bind": [
                {
                    "source": "BINDINGDB",
                    "affinity": "IC50 = 1210 - 5600 nM "
                }
            ],
            "mw": 160.17,
            "resi": 1101,
            "pdb": "4GV7"
        },
        {
            "lig": "FRM",
            "chain": "B",
            "bind": [
                {
                    "source": "BINDINGDB",
                    "affinity": "IC50 = 8 - 16 nM "
                },
                {
                    "source": "PDBBIND",
                    "affinity": "IC50 = 8 nM"
                }
            ],
            "mw": 377.45,
            "resi": 502,
            "pdb": "1UK0"
        }
    ],
    "substructures": [
        [
            "FRM"
        ]
    ],
    "summary": {
        "UniProt Accession": "P09874",
        "Fragment SMILES": "CC1=Nc2ccccc2C(=O)N1",
        "Number of Ligands": 1,
        "UniProt Name": "Poly [ADP-ribose] polymerase 1",
        "Fragment Name": "2-methylquinazolin-4(3H)-one",
        "Fragment ID": "MEW"
    }
}