{
    "apo": [],
    "entry_name": "MR1_P29477", 
    "structures": [
        {
            "lig": "MR1",
            "chain": "A",
            "bind": [
                {
                    "source": "-",
                    "affinity": "-"
                }
            ],
            "mw": 151.16,
            "resi": 602,
            "pdb": "2ORQ"
        },
        {
            "lig": "342",
            "chain": "A",
            "bind": [
                {
                    "source": "BINDINGDB",
                    "affinity": "IC50 = 72 nM "
                }
            ],
            "mw": 377.44,
            "resi": 601,
            "pdb": "2ORT"
        },
        {
            "lig": "1PM",
            "chain": "A",
            "bind": [
                {
                    "source": "BINDINGDB",
                    "affinity": "Ki = 2.2 nM "
                },
                {
                    "source": "BINDINGDB",
                    "affinity": "IC50 = 0.2 - 0.6 nM "
                },
                {
                    "source": "BINDINGMOAD",
                    "affinity": "IC50 = 28 nM"
                }
            ],
            "mw": 479.49,
            "resi": 601,
            "pdb": "1DD7"
        }
    ],
    "substructures": [
        [
            "342"
        ],
        [
            "1PM"
        ]
    ],
    "summary": {
        "UniProt Accession": "P29477",
        "Fragment SMILES": "c1cc2c(cc1CN)OCO2",
        "Number of Ligands": 2,
        "UniProt Name": "Nitric oxide synthase, inducible",
        "Fragment Name": "1-(1,3-BENZODIOXOL-5-YL)METHANAMINE",
        "Fragment ID": "MR1"
    }
}