{
    "apo": ["1ISF_A", "1ISF_B"],
    "entry_name": "NCA_Q10588", 
    "structures": [
        {
            "lig": "NCA",
            "chain": "A",
            "bind": [
                {
                    "source": "-",
                    "affinity": "-"
                }
            ],
            "mw": 122.12,
            "resi": 303,
            "pdb": "1ISM"
        },
        {
            "lig": "NMN",
            "chain": "A",
            "bind": [
                {
                    "source": "-",
                    "affinity": "-"
                }
            ],
            "mw": 335.23,
            "resi": 1001,
            "pdb": "1ISJ"
        }
    ],
    "substructures": [
        [
            "NMN"
        ]
    ],
    "summary": {
        "UniProt Accession": "Q10588",
        "Fragment SMILES": "c1cc(cnc1)C(=O)N",
        "Number of Ligands": 1,
        "UniProt Name": "ADP-ribosyl cyclase/cyclic ADP-ribose hydrolase 2",
        "Fragment Name": "NICOTINAMIDE",
        "Fragment ID": "NCA"
    }
}