{
    "apo": [],
    "entry_name": "NIO_Q05603", 
    "structures": [
        {
            "lig": "NIO",
            "chain": "A",
            "bind": [
                {
                    "source": "-",
                    "affinity": "-"
                }
            ],
            "mw": 123.11,
            "resi": 991,
            "pdb": "1L4N"
        },
        {
            "lig": "NCN",
            "chain": "A",
            "bind": [
                {
                    "source": "-",
                    "affinity": "-"
                }
            ],
            "mw": 335.2,
            "resi": 991,
            "pdb": "1L4L"
        }
    ],
    "substructures": [
        [
            "NCN"
        ]
    ],
    "summary": {
        "UniProt Accession": "Q05603",
        "Fragment SMILES": "c1cc(cnc1)C(=O)O",
        "Number of Ligands": 1,
        "UniProt Name": "Nicotinate-nucleotide--dimethylbenzimidazole phosphoribosyltransferase",
        "Fragment Name": "NICOTINIC ACID",
        "Fragment ID": "NIO"
    }
}