{
    "apo": ["1OD0_B", "5OSS_A"],
    "entry_name": "NOJ_Q08638", 
    "structures": [
        {
            "lig": "NOJ",
            "chain": "A",
            "bind": [
                {
                    "source": "BINDINGMOAD",
                    "affinity": "Kd = 4762 nM"
                },
                {
                    "source": "PDBBIND",
                    "affinity": "Kd = 4800 nM"
                }
            ],
            "mw": 163.17,
            "resi": 1447,
            "pdb": "1OIM"
        },
        {
            "lig": "LGS",
            "chain": "C",
            "bind": [
                {
                    "source": "BINDINGMOAD",
                    "affinity": "Ki = 35200 nM"
                },
                {
                    "source": "PDBBIND",
                    "affinity": "Ki = 35200 nM"
                }
            ],
            "mw": 316.39,
            "resi": 1446,
            "pdb": "2WBG"
        }
    ],
    "substructures": [
        [
            "LGS"
        ]
    ],
    "summary": {
        "UniProt Accession": "Q08638",
        "Fragment SMILES": "C1[C@@H]([C@H]([C@@H]([C@H](N1)CO)O)O)O",
        "Number of Ligands": 1,
        "UniProt Name": "Beta-glucosidase A",
        "Fragment Name": "1-DEOXYNOJIRIMYCIN",
        "Fragment ID": "NOJ"
    }
}