{
    "apo": [],
    "entry_name": "ORO_Q4D3W2", 
    "structures": [
        {
            "lig": "ORO",
            "chain": "B",
            "bind": [
                {
                    "source": "-",
                    "affinity": "-"
                }
            ],
            "mw": 156.1,
            "resi": 2352,
            "pdb": "2E6A"
        },
        {
            "lig": "2RO",
            "chain": "B",
            "bind": [
                {
                    "source": "-",
                    "affinity": "-"
                }
            ],
            "mw": 316.35,
            "resi": 401,
            "pdb": "3W22"
        },
        {
            "lig": "WRO",
            "chain": "B",
            "bind": [
                {
                    "source": "-",
                    "affinity": "-"
                }
            ],
            "mw": 328.24,
            "resi": 401,
            "pdb": "3W1T"
        },
        {
            "lig": "ROD",
            "chain": "B",
            "bind": [
                {
                    "source": "-",
                    "affinity": "-"
                }
            ],
            "mw": 328.24,
            "resi": 401,
            "pdb": "3W2N"
        },
        {
            "lig": "ZRO",
            "chain": "B",
            "bind": [
                {
                    "source": "-",
                    "affinity": "-"
                }
            ],
            "mw": 328.24,
            "resi": 401,
            "pdb": "3W2M"
        },
        {
            "lig": "ROE",
            "chain": "B",
            "bind": [
                {
                    "source": "-",
                    "affinity": "-"
                }
            ],
            "mw": 340.33,
            "resi": 401,
            "pdb": "3W3O"
        },
        {
            "lig": "ROU",
            "chain": "B",
            "bind": [
                {
                    "source": "-",
                    "affinity": "-"
                }
            ],
            "mw": 396.24,
            "resi": 401,
            "pdb": "3W2U"
        }
    ],
    "substructures": [
        [
            "2RO"
        ],
        [
            "ROD"
        ],
        [
            "ZRO"
        ],
        [
            "ROE"
        ],
        [
            "WRO",
            "ROU"
        ]
    ],
    "summary": {
        "UniProt Accession": "Q4D3W2",
        "Fragment SMILES": "C1=C(NC(=O)NC1=O)C(=O)O",
        "Number of Ligands": 6,
        "UniProt Name": "Dihydroorotate dehydrogenase (fumarate)",
        "Fragment Name": "OROTIC ACID",
        "Fragment ID": "ORO"
    }
}