{
    "apo": ["1RA1_A", "1RA9_A", "3K74_A", "4EIZ_A", "4EIZ_B", "5DFR_A"],
    "entry_name": "Q24_P0ABQ4", 
    "structures": [
        {
            "lig": "Q24",
            "chain": "A",
            "bind": [
                {
                    "source": "BINDINGMOAD",
                    "affinity": "Ki = 7000 nM"
                }
            ],
            "mw": 160.18,
            "resi": 161,
            "pdb": "3QYO"
        },
        {
            "lig": "JZM",
            "chain": "A",
            "bind": [
                {
                    "source": "BINDINGDB",
                    "affinity": "Ki = 38 nM "
                }
            ],
            "mw": 302.78,
            "resi": 1162,
            "pdb": "3KFY"
        }
    ],
    "substructures": [
        [
            "JZM"
        ]
    ],
    "summary": {
        "UniProt Accession": "P0ABQ4",
        "Fragment SMILES": "c1ccc2c(c1)c(nc(n2)N)N",
        "Number of Ligands": 1,
        "UniProt Name": "Dihydrofolate reductase",
        "Fragment Name": "quinazoline-2,4-diamine",
        "Fragment ID": "Q24"
    }
}