{
    "apo": ["1CVF_A", "1FQN_A", "1FSN_A", "1FSN_B", "1HVA_A", "1ZSA_A", "2CBE_A", "5DSP_A", "5DSQ_A", "5DSR_A"],
    "entry_name": "RCO_P00918", 
    "structures": [
        {
            "lig": "RCO",
            "chain": "A",
            "bind": [
                {
                    "source": "BINDINGDB",
                    "affinity": "Ki = 7700 - 9400 nM "
                },
                {
                    "source": "BINDINGMOAD",
                    "affinity": "Ki = 7700 nM"
                }
            ],
            "mw": 110.11,
            "resi": 305,
            "pdb": "4E49"
        },
        {
            "lig": "TH0",
            "chain": "A",
            "bind": [
                {
                    "source": "-",
                    "affinity": "-"
                }
            ],
            "mw": 142.18,
            "resi": 305,
            "pdb": "4FIK"
        },
        {
            "lig": "D2S",
            "chain": "A",
            "bind": [
                {
                    "source": "-",
                    "affinity": "-"
                }
            ],
            "mw": 282.33,
            "resi": 304,
            "pdb": "4FIK"
        }
    ],
    "substructures": [
        [
            "TH0",
            "D2S"
        ]
    ],
    "summary": {
        "UniProt Accession": "P00918",
        "Fragment SMILES": "c1cc(cc(c1)O)O",
        "Number of Ligands": 2,
        "UniProt Name": "Carbonic anhydrase 2",
        "Fragment Name": "RESORCINOL",
        "Fragment ID": "RCO"
    }
}