{
    "apo": ["1IVG_A", "1IVG_B", "1NN2_A", "4H53_D", "4K1H_A", "4K1H_B"],
    "entry_name": "ST3_P06820", 
    "structures": [
        {
            "lig": "ST3",
            "chain": "A",
            "bind": [
                {
                    "source": "BINDINGDB",
                    "affinity": "IC50 = >10000000 nM "
                }
            ],
            "mw": 194.19,
            "resi": 471,
            "pdb": "1IVE"
        },
        {
            "lig": "ST5",
            "chain": "A",
            "bind": [
                {
                    "source": "PDBBIND",
                    "affinity": "IC50 = >10000000 nM"
                }
            ],
            "mw": 252.22,
            "resi": 471,
            "pdb": "1ING"
        },
        {
            "lig": "ST6",
            "chain": "A",
            "bind": [
                {
                    "source": "PDBBIND",
                    "affinity": "IC50 = 5000000 nM"
                }
            ],
            "mw": 252.25,
            "resi": 471,
            "pdb": "1INH"
        }
    ],
    "substructures": [
        [
            "ST5"
        ],
        [
            "ST6"
        ]
    ],
    "summary": {
        "UniProt Accession": "P06820",
        "Fragment SMILES": "CC(=O)Nc1ccc(cc1N)C(=O)O",
        "Number of Ligands": 2,
        "UniProt Name": "Neuraminidase",
        "Fragment Name": "4-(ACETYLAMINO)-3-AMINO BENZOIC ACID",
        "Fragment ID": "ST3"
    }
}