{
    "apo": [],
    "entry_name": "TDR_Q8K4Z3", 
    "structures": [
        {
            "lig": "TDR",
            "chain": "A",
            "bind": [
                {
                    "source": "-",
                    "affinity": "-"
                }
            ],
            "mw": 126.11,
            "resi": 300,
            "pdb": "3RO7"
        },
        {
            "lig": "THM",
            "chain": "F",
            "bind": [
                {
                    "source": "-",
                    "affinity": "-"
                }
            ],
            "mw": 242.23,
            "resi": 265,
            "pdb": "3ROE"
        },
        {
            "lig": "T3P",
            "chain": "A",
            "bind": [
                {
                    "source": "-",
                    "affinity": "-"
                }
            ],
            "mw": 322.21,
            "resi": 265,
            "pdb": "3ROG"
        }
    ],
    "substructures": [
        [
            "THM",
            "T3P"
        ]
    ],
    "summary": {
        "UniProt Accession": "Q8K4Z3",
        "Fragment SMILES": "CC1=CNC(=O)NC1=O",
        "Number of Ligands": 2,
        "UniProt Name": "NAD(P)H-hydrate epimerase",
        "Fragment Name": "THYMINE",
        "Fragment ID": "TDR"
    }
}