{
    "apo": [],
    "entry_name": "TDR_Q6TFC6", 
    "structures": [
        {
            "lig": "TDR",
            "chain": "B",
            "bind": [
                {
                    "source": "-",
                    "affinity": "-"
                }
            ],
            "mw": 126.11,
            "resi": 301,
            "pdb": "3FS8"
        },
        {
            "lig": "T3F",
            "chain": "A",
            "bind": [
                {
                    "source": "-",
                    "affinity": "-"
                }
            ],
            "mw": 547.35,
            "resi": 301,
            "pdb": "3FSC"
        },
        {
            "lig": "T3Q",
            "chain": "A",
            "bind": [
                {
                    "source": "-",
                    "affinity": "-"
                }
            ],
            "mw": 547.35,
            "resi": 301,
            "pdb": "3FSB"
        }
    ],
    "substructures": [
        [
            "T3F"
        ],
        [
            "T3Q"
        ]
    ],
    "summary": {
        "UniProt Accession": "Q6TFC6",
        "Fragment SMILES": "CC1=CNC(=O)NC1=O",
        "Number of Ligands": 2,
        "UniProt Name": "QdtC",
        "Fragment Name": "THYMINE",
        "Fragment ID": "TDR"
    }
}