{
    "apo": ["3DAI_A", "4QSQ_A", "4QSR_A", "4TT4_A", "4TT4_B", "4TT6_A", "4TU6_A", "4TU6_B", "4TU6_C", "4TU6_D"],
    "entry_name": "TDR_Q6PL18", 
    "structures": [
        {
            "lig": "TDR",
            "chain": "A",
            "bind": [
                {
                    "source": "-",
                    "affinity": "-"
                }
            ],
            "mw": 126.11,
            "resi": 1210,
            "pdb": "4QSU"
        },
        {
            "lig": "38S",
            "chain": "A",
            "bind": [
                {
                    "source": "-",
                    "affinity": "-"
                }
            ],
            "mw": 226.23,
            "resi": 1207,
            "pdb": "4QSX"
        },
        {
            "lig": "THM",
            "chain": "A",
            "bind": [
                {
                    "source": "-",
                    "affinity": "-"
                }
            ],
            "mw": 242.23,
            "resi": 1210,
            "pdb": "4QSV"
        },
        {
            "lig": "38T",
            "chain": "A",
            "bind": [
                {
                    "source": "-",
                    "affinity": "-"
                }
            ],
            "mw": 258.23,
            "resi": 1207,
            "pdb": "4QSW"
        }
    ],
    "substructures": [
        [
            "38S",
            "THM",
            "38T"
        ]
    ],
    "summary": {
        "UniProt Accession": "Q6PL18",
        "Fragment SMILES": "CC1=CNC(=O)NC1=O",
        "Number of Ligands": 3,
        "UniProt Name": "ATPase family AAA domain-containing protein 2",
        "Fragment Name": "THYMINE",
        "Fragment ID": "TDR"
    }
}