{
    "apo": ["2DVQ_C", "2DVR_C", "2DVS_C", "2E3K_A", "2G4A_A", "3AQA_B", "3AQA_C", "4QEU_A", "5DFB_A", "5HEL_A", "5HEN_A", "5HEN_B", "5HEN_C", "5HFQ_A", "5IBN_A"],
    "entry_name": "TVP_P25440", 
    "structures": [
        {
            "lig": "TVP",
            "chain": "A",
            "bind": [
                {
                    "source": "-",
                    "affinity": "-"
                }
            ],
            "mw": 189.25,
            "resi": 1189,
            "pdb": "4A9H"
        },
        {
            "lig": "73B",
            "chain": "A",
            "bind": [
                {
                    "source": "BINDINGDB",
                    "affinity": "IC50 = 3.2 - <31623 nM "
                },
                {
                    "source": "BINDINGDB",
                    "affinity": "Kd = 25 nM "
                },
                {
                    "source": "BINDINGMOAD",
                    "affinity": "Kd = 4.4 nM"
                }
            ],
            "mw": 434.92,
            "resi": 1191,
            "pdb": "4UYF"
        }
    ],
    "substructures": [
        [
            "73B"
        ]
    ],
    "summary": {
        "UniProt Accession": "P25440",
        "Fragment SMILES": "C[C@H]1CCc2ccccc2N1C(=O)C",
        "Number of Ligands": 1,
        "UniProt Name": "Bromodomain-containing protein 2",
        "Fragment Name": "(2S)-1-ACETYL-2-METHYL-1,2,3,4-TETRAHYDROQUINOLINE",
        "Fragment ID": "TVP"
    }
}