{
    "apo": ["3DWY_A", "3DWY_B", "3I3J_B", "3I3J_E", "3I3J_L", "3P1E_A", "3P1E_B", "4OUF_A", "4OUF_B", "5EIC_A", "5KTU_B"],
    "entry_name": "TYL_Q92793", 
    "structures": [
        {
            "lig": "TYL",
            "chain": "B",
            "bind": [
                {
                    "source": "-",
                    "affinity": "-"
                }
            ],
            "mw": 151.16,
            "resi": 2198,
            "pdb": "4A9K"
        },
        {
            "lig": "68Y",
            "chain": "A",
            "bind": [
                {
                    "source": "-",
                    "affinity": "-"
                }
            ],
            "mw": 296.36,
            "resi": 1202,
            "pdb": "5I83"
        }
    ],
    "substructures": [
        [
            "68Y"
        ]
    ],
    "summary": {
        "UniProt Accession": "Q92793",
        "Fragment SMILES": "CC(=O)Nc1ccc(cc1)O",
        "Number of Ligands": 1,
        "UniProt Name": "CREB-binding protein",
        "Fragment Name": "N-(4-HYDROXYPHENYL)ACETAMIDE (TYLENOL)",
        "Fragment ID": "TYL"
    }
}