{
    "apo": ["1UYL_A", "1YER_A", "1YES_A", "2K5B_A", "2QFO_B", "2YEG_A", "3B26_B", "3T0H_A", "5J2V_A", "5J80_A"],
    "entry_name": "XQ0_P07900", 
    "structures": [
        {
            "lig": "XQ0",
            "chain": "A",
            "bind": [
                {
                    "source": "-",
                    "affinity": "-"
                }
            ],
            "mw": 148.16,
            "resi": 1226,
            "pdb": "2YEC"
        },
        {
            "lig": "EFT",
            "chain": "A",
            "bind": [
                {
                    "source": "BINDINGDB",
                    "affinity": "IC50 = 85000 nM "
                },
                {
                    "source": "BINDINGMOAD",
                    "affinity": "IC50 = 85000 nM"
                },
                {
                    "source": "PDBBIND",
                    "affinity": "IC50 = 85000 nM"
                }
            ],
            "mw": 269.34,
            "resi": 301,
            "pdb": "4EFT"
        },
        {
            "lig": "EFU",
            "chain": "A",
            "bind": [
                {
                    "source": "BINDINGDB",
                    "affinity": "IC50 = 250 nM "
                },
                {
                    "source": "BINDINGMOAD",
                    "affinity": "IC50 = 250 nM"
                },
                {
                    "source": "PDBBIND",
                    "affinity": "IC50 = 250 nM"
                }
            ],
            "mw": 385.46,
            "resi": 301,
            "pdb": "4EFU"
        },
        {
            "lig": "C4T",
            "chain": "A",
            "bind": [
                {
                    "source": "-",
                    "affinity": "-"
                }
            ],
            "mw": 405.88,
            "resi": 302,
            "pdb": "6EY8"
        },
        {
            "lig": "C4K",
            "chain": "A",
            "bind": [
                {
                    "source": "-",
                    "affinity": "-"
                }
            ],
            "mw": 415.44,
            "resi": 301,
            "pdb": "6EYA"
        },
        {
            "lig": "C4N",
            "chain": "A",
            "bind": [
                {
                    "source": "-",
                    "affinity": "-"
                }
            ],
            "mw": 419.9,
            "resi": 302,
            "pdb": "6EY9"
        },
        {
            "lig": "9R8",
            "chain": "A",
            "bind": [
                {
                    "source": "-",
                    "affinity": "-"
                }
            ],
            "mw": 456.54,
            "resi": 301,
            "pdb": "5OCI"
        },
        {
            "lig": "9RZ",
            "chain": "A",
            "bind": [
                {
                    "source": "-",
                    "affinity": "-"
                }
            ],
            "mw": 493.56,
            "resi": 301,
            "pdb": "5ODX"
        }
    ],
    "substructures": [
        [
            "EFT"
        ],
        [
            "C4K"
        ],
        [
            "9R8"
        ],
        [
            "9RZ"
        ],
        [
            "EFU",
            "C4N"
        ],
        [
            "C4T",
            "C4N"
        ]
    ],
    "summary": {
        "UniProt Accession": "P07900",
        "Fragment SMILES": "Cc1c2ccc(cc2[nH]n1)O",
        "Number of Ligands": 7,
        "UniProt Name": "Heat shock protein HSP 90-alpha",
        "Fragment Name": "3-METHYL-1H-INDAZOL-6-OL",
        "Fragment ID": "XQ0"
    }
}