{
    "apo": ["1HL8_A", "1HL8_B", "2ZWY_A", "2ZWY_B"],
    "entry_name": "ZWZ_Q9WYE2", 
    "structures": [
        {
            "lig": "ZWZ",
            "chain": "A",
            "bind": [
                {
                    "source": "BINDINGMOAD",
                    "affinity": "Ki = 16.3 nM"
                },
                {
                    "source": "PDBBIND",
                    "affinity": "Kd = 16.3 nM"
                }
            ],
            "mw": 176.21,
            "resi": 901,
            "pdb": "2ZWZ"
        },
        {
            "lig": "ZXA",
            "chain": "A",
            "bind": [
                {
                    "source": "PDBBIND",
                    "affinity": "Ki = 4.47 nM"
                }
            ],
            "mw": 218.25,
            "resi": 901,
            "pdb": "2ZXA"
        },
        {
            "lig": "ZX7",
            "chain": "A",
            "bind": [
                {
                    "source": "BINDINGMOAD",
                    "affinity": "Ki = 0.427 nM"
                },
                {
                    "source": "PDBBIND",
                    "affinity": "Ki = 0.0322 nM"
                }
            ],
            "mw": 319.36,
            "resi": 901,
            "pdb": "2ZX7"
        },
        {
            "lig": "ZX8",
            "chain": "A",
            "bind": [
                {
                    "source": "BINDINGMOAD",
                    "affinity": "Ki = 0.441 nM"
                },
                {
                    "source": "PDBBIND",
                    "affinity": "Ki = 0.2314 nM"
                }
            ],
            "mw": 320.34,
            "resi": 901,
            "pdb": "2ZX8"
        },
        {
            "lig": "ZX6",
            "chain": "A",
            "bind": [
                {
                    "source": "BINDINGMOAD",
                    "affinity": "Ki = 0.475 nM"
                },
                {
                    "source": "PDBBIND",
                    "affinity": "Ki = 0.0251 nM"
                }
            ],
            "mw": 333.38,
            "resi": 901,
            "pdb": "2ZX6"
        },
        {
            "lig": "ZX5",
            "chain": "A",
            "bind": [
                {
                    "source": "PDBBIND",
                    "affinity": "Kd = 0.000469 nM"
                }
            ],
            "mw": 347.41,
            "resi": 901,
            "pdb": "2ZX5"
        }
    ],
    "substructures": [
        [
            "ZX7"
        ],
        [
            "ZX8"
        ],
        [
            "ZXA",
            "ZX6"
        ],
        [
            "ZXA",
            "ZX5"
        ]
    ],
    "summary": {
        "UniProt Accession": "Q9WYE2",
        "Fragment SMILES": "C[C@H]1[C@H]([C@H]([C@@H]([C@H](N1)CN)O)O)O",
        "Number of Ligands": 5,
        "UniProt Name": "Alpha-L-fucosidase, putative",
        "Fragment Name": "(2R,3R,4R,5R,6S)-2-(aminomethyl)-6-methylpiperidine-3,4,5-triol",
        "Fragment ID": "ZWZ"
    }
}