{
    "Entry Name": "FB2_P00918", 
    "Structures": [
        {
            "Ligand ID": "FB2",
            "Chain": "A",
            "Binding Affinity": [
                {
                    "Source": "BINDINGDB",
                    "Affinity": "Ki = 305 - 5870 nM "
                },
                {
                    "Source": "BINDINGDB",
                    "Affinity": "Kd = 660 - 1149700 nM "
                },
                {
                    "Source": "BINDINGMOAD",
                    "Affinity": "Kd = 839 nM"
                },
                {
                    "Source": "PDBBIND",
                    "Affinity": "Kd = 839 nM"
                }
            ],
            "Molecular Weight": 157.19,
            "Residue ID": 1263,
            "PDB ID": "2WEJ"
        },
        {
            "Ligand ID": "4J8",
            "Chain": "A",
            "Binding Affinity": [
                {
                    "Source": "BINDINGDB",
                    "Affinity": "Kd = 292900 - 331700 nM "
                },
                {
                    "Source": "BINDINGDB",
                    "Affinity": "Ki = 320 - 320000 nM "
                },
                {
                    "Source": "BINDINGDB",
                    "Affinity": "IC50 = 580 - 715 nM "
                }
            ],
            "Molecular Weight": 171.22,
            "Residue ID": 303,
            "PDB ID": "4YXI"
        },
        {
            "Ligand ID": "FBW",
            "Chain": "A",
            "Binding Affinity": [
                {
                    "Source": "BINDINGMOAD",
                    "Affinity": "Kd = 118 nM"
                },
                {
                    "Source": "PDBBIND",
                    "Affinity": "Kd = 118 nM"
                }
            ],
            "Molecular Weight": 175.18,
            "Residue ID": 1263,
            "PDB ID": "2WEO"
        },
        {
            "Ligand ID": "FBV",
            "Chain": "A",
            "Binding Affinity": [
                {
                    "Source": "BINDINGMOAD",
                    "Affinity": "Kd = 314 nM"
                },
                {
                    "Source": "PDBBIND",
                    "Affinity": "Kd = 314 nM"
                }
            ],
            "Molecular Weight": 175.18,
            "Residue ID": 1263,
            "PDB ID": "2WEG"
        },
        {
            "Ligand ID": "4JC",
            "Chain": "A",
            "Binding Affinity": [
                {
                    "Source": "BINDINGDB",
                    "Affinity": "Ki = 0.1 nM "
                },
                {
                    "Source": "BINDINGDB",
                    "Affinity": "Kd = 98300 - 125400 nM "
                }
            ],
            "Molecular Weight": 185.24,
            "Residue ID": 305,
            "PDB ID": "4YXO"
        },
        {
            "Ligand ID": "FB1",
            "Chain": "A",
            "Binding Affinity": [
                {
                    "Source": "BINDINGMOAD",
                    "Affinity": "Kd = 1125 nM"
                },
                {
                    "Source": "PDBBIND",
                    "Affinity": "Kd = 1125 nM"
                }
            ],
            "Molecular Weight": 191.63,
            "Residue ID": 1263,
            "PDB ID": "2WEH"
        },
        {
            "Ligand ID": "FBU",
            "Chain": "A",
            "Binding Affinity": [
                {
                    "Source": "-",
                    "Affinity": "-"
                }
            ],
            "Molecular Weight": 193.17,
            "Residue ID": 555,
            "PDB ID": "1IF6"
        },
        {
            "Ligand ID": "FBT",
            "Chain": "A",
            "Binding Affinity": [
                {
                    "Source": "-",
                    "Affinity": "-"
                }
            ],
            "Molecular Weight": 193.17,
            "Residue ID": 555,
            "PDB ID": "1IF5"
        },
        {
            "Ligand ID": "RYV",
            "Chain": "B",
            "Binding Affinity": [
                {
                    "Source": "BINDINGMOAD",
                    "Affinity": "Kd = 86 nM"
                },
                {
                    "Source": "PDBBIND",
                    "Affinity": "Kd = 86 nM"
                }
            ],
            "Molecular Weight": 228.27,
            "Residue ID": 1,
            "PDB ID": "3RYV"
        },
        {
            "Ligand ID": "RYY",
            "Chain": "A",
            "Binding Affinity": [
                {
                    "Source": "BINDINGMOAD",
                    "Affinity": "Kd = 38 nM"
                },
                {
                    "Source": "PDBBIND",
                    "Affinity": "Kd = 38 nM"
                }
            ],
            "Molecular Weight": 242.29,
            "Residue ID": 262,
            "PDB ID": "3RYY"
        },
        {
            "Ligand ID": "5RD",
            "Chain": "A",
            "Binding Affinity": [
                {
                    "Source": "-",
                    "Affinity": "-"
                }
            ],
            "Molecular Weight": 242.34,
            "Residue ID": 303,
            "PDB ID": "5EKH"
        },
        {
            "Ligand ID": "RZ0",
            "Chain": "B",
            "Binding Affinity": [
                {
                    "Source": "BINDINGMOAD",
                    "Affinity": "Kd = 28 nM"
                },
                {
                    "Source": "PDBBIND",
                    "Affinity": "Kd = 28 nM"
                }
            ],
            "Molecular Weight": 256.32,
            "Residue ID": 1,
            "PDB ID": "3RZ0"
        },
        {
            "Ligand ID": "RZ5",
            "Chain": "A",
            "Binding Affinity": [
                {
                    "Source": "BINDINGMOAD",
                    "Affinity": "Kd = 13 nM"
                },
                {
                    "Source": "PDBBIND",
                    "Affinity": "Kd = 13 nM"
                }
            ],
            "Molecular Weight": 270.35,
            "Residue ID": 262,
            "PDB ID": "3RZ5"
        },
        {
            "Ligand ID": "1GD",
            "Chain": "A",
            "Binding Affinity": [
                {
                    "Source": "BINDINGDB",
                    "Affinity": "Ki = 54 nM "
                },
                {
                    "Source": "BINDINGMOAD",
                    "Affinity": "Ki = 54 nM"
                }
            ],
            "Molecular Weight": 304.36,
            "Residue ID": 304,
            "PDB ID": "4ITP"
        },
        {
            "Ligand ID": "FSB",
            "Chain": "A",
            "Binding Affinity": [
                {
                    "Source": "BINDINGDB",
                    "Affinity": "Kd = 2.3 nM "
                },
                {
                    "Source": "BINDINGMOAD",
                    "Affinity": "Kd = 0.36 nM"
                },
                {
                    "Source": "PDBBIND",
                    "Affinity": "Kd = 0.36 nM"
                }
            ],
            "Molecular Weight": 308.33,
            "Residue ID": 555,
            "PDB ID": "1G1D"
        },
        {
            "Ligand ID": "WWZ",
            "Chain": "A",
            "Binding Affinity": [
                {
                    "Source": "BINDINGDB",
                    "Affinity": "Ki = 96 - 960 nM "
                },
                {
                    "Source": "BINDINGMOAD",
                    "Affinity": "Ki = 96 nM"
                },
                {
                    "Source": "PDBBIND",
                    "Affinity": "Ki = 96 nM"
                }
            ],
            "Molecular Weight": 309.32,
            "Residue ID": 263,
            "PDB ID": "3N4B"
        },
        {
            "Ligand ID": "E90",
            "Chain": "A",
            "Binding Affinity": [
                {
                    "Source": "BINDINGDB",
                    "Affinity": "Kd = 5.2 - 17 nM "
                },
                {
                    "Source": "BINDINGMOAD",
                    "Affinity": "Kd = 17 nM"
                },
                {
                    "Source": "PDBBIND",
                    "Affinity": "Kd = 12 nM"
                }
            ],
            "Molecular Weight": 309.36,
            "Residue ID": 266,
            "PDB ID": "3SBI"
        },
        {
            "Ligand ID": "OY0",
            "Chain": "A",
            "Binding Affinity": [
                {
                    "Source": "BINDINGDB",
                    "Affinity": "Ki = 10.1 nM "
                },
                {
                    "Source": "BINDINGMOAD",
                    "Affinity": "Ki = 10.1 nM"
                },
                {
                    "Source": "PDBBIND",
                    "Affinity": "Ki = 10.1 nM"
                }
            ],
            "Molecular Weight": 312.43,
            "Residue ID": 263,
            "PDB ID": "3OY0"
        },
        {
            "Ligand ID": "5UM",
            "Chain": "B",
            "Binding Affinity": [
                {
                    "Source": "BINDINGDB",
                    "Affinity": "Ki = 390 nM "
                },
                {
                    "Source": "BINDINGMOAD",
                    "Affinity": "Ki = 390 nM"
                },
                {
                    "Source": "PDBBIND",
                    "Affinity": "Ki = 390 nM"
                }
            ],
            "Molecular Weight": 314.36,
            "Residue ID": 1,
            "PDB ID": "3R17"
        },
        {
            "Ligand ID": "I7C",
            "Chain": "A",
            "Binding Affinity": [
                {
                    "Source": "BINDINGDB",
                    "Affinity": "IC50 = 340 nM "
                },
                {
                    "Source": "BINDINGDB",
                    "Affinity": "Ki = 62 - 63000 nM "
                },
                {
                    "Source": "BINDINGMOAD",
                    "Affinity": "Ki = 63 nM"
                },
                {
                    "Source": "PDBBIND",
                    "Affinity": "Ki = 63 nM"
                }
            ],
            "Molecular Weight": 319.28,
            "Residue ID": 1000,
            "PDB ID": "2POW"
        },
        {
            "Ligand ID": "J90",
            "Chain": "A",
            "Binding Affinity": [
                {
                    "Source": "BINDINGDB",
                    "Affinity": "Kd = 200 nM "
                },
                {
                    "Source": "BINDINGMOAD",
                    "Affinity": "Kd = 200 nM"
                },
                {
                    "Source": "PDBBIND",
                    "Affinity": "Kd = 200 nM"
                }
            ],
            "Molecular Weight": 325.3,
            "Residue ID": 263,
            "PDB ID": "3MHI"
        },
        {
            "Ligand ID": "F2B",
            "Chain": "A",
            "Binding Affinity": [
                {
                    "Source": "BINDINGDB",
                    "Affinity": "Kd = 1.6 nM "
                },
                {
                    "Source": "BINDINGMOAD",
                    "Affinity": "Kd = 0.29 nM"
                },
                {
                    "Source": "PDBBIND",
                    "Affinity": "Kd = 0.29 nM"
                }
            ],
            "Molecular Weight": 326.32,
            "Residue ID": 555,
            "PDB ID": "1G52"
        },
        {
            "Ligand ID": "TUO",
            "Chain": "A",
            "Binding Affinity": [
                {
                    "Source": "BINDINGDB",
                    "Affinity": "Ki = 7.2 nM "
                },
                {
                    "Source": "BINDINGMOAD",
                    "Affinity": "Ki = 7.2 nM"
                },
                {
                    "Source": "PDBBIND",
                    "Affinity": "Ki = 7.2 nM"
                }
            ],
            "Molecular Weight": 330.36,
            "Residue ID": 300,
            "PDB ID": "3B4F"
        },
        {
            "Ligand ID": "RYX",
            "Chain": "B",
            "Binding Affinity": [
                {
                    "Source": "BINDINGMOAD",
                    "Affinity": "Kd = 7.3 nM"
                },
                {
                    "Source": "PDBBIND",
                    "Affinity": "Kd = 7.3 nM"
                }
            ],
            "Molecular Weight": 332.25,
            "Residue ID": 1,
            "PDB ID": "3RYX"
        },
        {
            "Ligand ID": "AYX",
            "Chain": "A",
            "Binding Affinity": [
                {
                    "Source": "BINDINGDB",
                    "Affinity": "Ki = 15 nM "
                },
                {
                    "Source": "BINDINGMOAD",
                    "Affinity": "Ki = 15 nM"
                },
                {
                    "Source": "PDBBIND",
                    "Affinity": "Ki = 15 nM"
                }
            ],
            "Molecular Weight": 336.32,
            "Residue ID": 263,
            "PDB ID": "3N2P"
        },
        {
            "Ligand ID": "V13",
            "Chain": "A",
            "Binding Affinity": [
                {
                    "Source": "BINDINGDB",
                    "Affinity": "Kd = <10 - 17 nM "
                }
            ],
            "Molecular Weight": 337.27,
            "Residue ID": 305,
            "PDB ID": "4PZH"
        },
        {
            "Ligand ID": "J71",
            "Chain": "A",
            "Binding Affinity": [
                {
                    "Source": "BINDINGDB",
                    "Affinity": "Kd = 50 - 56 nM "
                },
                {
                    "Source": "BINDINGMOAD",
                    "Affinity": "Kd = 56 nM"
                },
                {
                    "Source": "PDBBIND",
                    "Affinity": "Kd = 56 nM"
                }
            ],
            "Molecular Weight": 339.33,
            "Residue ID": 265,
            "PDB ID": "3MHL"
        },
        {
            "Ligand ID": "E1F",
            "Chain": "A",
            "Binding Affinity": [
                {
                    "Source": "BINDINGMOAD",
                    "Affinity": "Kd = 11.1 nM"
                },
                {
                    "Source": "PDBBIND",
                    "Affinity": "Kd = 11.1 nM"
                }
            ],
            "Molecular Weight": 343.81,
            "Residue ID": 302,
            "PDB ID": "4KNJ"
        },
        {
            "Ligand ID": "D9H",
            "Chain": "A",
            "Binding Affinity": [
                {
                    "Source": "BINDINGDB",
                    "Affinity": "Ki = 37 nM "
                },
                {
                    "Source": "BINDINGMOAD",
                    "Affinity": "Ki = 37 nM"
                },
                {
                    "Source": "PDBBIND",
                    "Affinity": "Ki = 37 nM"
                }
            ],
            "Molecular Weight": 344.78,
            "Residue ID": 263,
            "PDB ID": "3MMF"
        },
        {
            "Ligand ID": "E02",
            "Chain": "A",
            "Binding Affinity": [
                {
                    "Source": "BINDINGDB",
                    "Affinity": "Kd = 530 - 1600 nM "
                }
            ],
            "Molecular Weight": 349.79,
            "Residue ID": 263,
            "PDB ID": "3M98"
        },
        {
            "Ligand ID": "D02",
            "Chain": "A",
            "Binding Affinity": [
                {
                    "Source": "BINDINGDB",
                    "Affinity": "Ki = 450 nM "
                }
            ],
            "Molecular Weight": 354.24,
            "Residue ID": 303,
            "PDB ID": "4DZ7"
        },
        {
            "Ligand ID": "J74",
            "Chain": "A",
            "Binding Affinity": [
                {
                    "Source": "-",
                    "Affinity": "-"
                }
            ],
            "Molecular Weight": 357.77,
            "Residue ID": 262,
            "PDB ID": "3M2N"
        },
        {
            "Ligand ID": "IE2",
            "Chain": "A",
            "Binding Affinity": [
                {
                    "Source": "BINDINGDB",
                    "Affinity": "Ki = 49 nM "
                }
            ],
            "Molecular Weight": 358.44,
            "Residue ID": 263,
            "PDB ID": "3QYK"
        },
        {
            "Ligand ID": "J43",
            "Chain": "A",
            "Binding Affinity": [
                {
                    "Source": "BINDINGDB",
                    "Affinity": "Kd = 170 - 320 nM "
                },
                {
                    "Source": "BINDINGMOAD",
                    "Affinity": "Kd = 320 nM"
                },
                {
                    "Source": "PDBBIND",
                    "Affinity": "Kd = 320 nM"
                }
            ],
            "Molecular Weight": 358.82,
            "Residue ID": 265,
            "PDB ID": "3MHO"
        },
        {
            "Ligand ID": "BL1",
            "Chain": "A",
            "Binding Affinity": [
                {
                    "Source": "BINDINGDB",
                    "Affinity": "Ki = 2520 - 2520000 nM "
                },
                {
                    "Source": "BINDINGDB",
                    "Affinity": "Kd = 200 - 300 nM "
                },
                {
                    "Source": "BINDINGMOAD",
                    "Affinity": "Ki = 2520 nM"
                },
                {
                    "Source": "PDBBIND",
                    "Affinity": "Ki = 2520 nM"
                }
            ],
            "Molecular Weight": 365.83,
            "Residue ID": 300,
            "PDB ID": "3BL1"
        },
        {
            "Ligand ID": "V50",
            "Chain": "A",
            "Binding Affinity": [
                {
                    "Source": "BINDINGDB",
                    "Affinity": "Kd = 10 nM "
                },
                {
                    "Source": "BINDINGMOAD",
                    "Affinity": "Kd = 10 nM"
                },
                {
                    "Source": "PDBBIND",
                    "Affinity": "Kd = 10 nM"
                }
            ],
            "Molecular Weight": 367.34,
            "Residue ID": 304,
            "PDB ID": "4HT0"
        },
        {
            "Ligand ID": "E49",
            "Chain": "A",
            "Binding Affinity": [
                {
                    "Source": "BINDINGDB",
                    "Affinity": "Kd = 150 - 220 nM "
                },
                {
                    "Source": "BINDINGMOAD",
                    "Affinity": "Kd = 220 nM"
                },
                {
                    "Source": "PDBBIND",
                    "Affinity": "Kd = 150 nM"
                }
            ],
            "Molecular Weight": 371.86,
            "Residue ID": 266,
            "PDB ID": "3S9T"
        },
        {
            "Ligand ID": "E1E",
            "Chain": "A",
            "Binding Affinity": [
                {
                    "Source": "BINDINGMOAD",
                    "Affinity": "Kd = 16.7 nM"
                },
                {
                    "Source": "PDBBIND",
                    "Affinity": "Kd = 16.7 nM"
                }
            ],
            "Molecular Weight": 371.86,
            "Residue ID": 305,
            "PDB ID": "4KNI"
        },
        {
            "Ligand ID": "E50",
            "Chain": "A",
            "Binding Affinity": [
                {
                    "Source": "BINDINGDB",
                    "Affinity": "Kd = 140 - 270 nM "
                },
                {
                    "Source": "BINDINGMOAD",
                    "Affinity": "Kd = 140 nM"
                },
                {
                    "Source": "PDBBIND",
                    "Affinity": "Kd = 270 nM"
                }
            ],
            "Molecular Weight": 371.86,
            "Residue ID": 263,
            "PDB ID": "3SAX"
        },
        {
            "Ligand ID": "JDR",
            "Chain": "A",
            "Binding Affinity": [
                {
                    "Source": "BINDINGDB",
                    "Affinity": "Kd = 24 - 43 nM "
                },
                {
                    "Source": "BINDINGMOAD",
                    "Affinity": "Kd = 43 nM"
                },
                {
                    "Source": "PDBBIND",
                    "Affinity": "Kd = 43 nM"
                }
            ],
            "Molecular Weight": 372.85,
            "Residue ID": 264,
            "PDB ID": "3M5E"
        },
        {
            "Ligand ID": "P9B",
            "Chain": "A",
            "Binding Affinity": [
                {
                    "Source": "BINDINGDB",
                    "Affinity": "Ki = 8 - 50 nM "
                },
                {
                    "Source": "BINDINGMOAD",
                    "Affinity": "Ki = 50 nM"
                },
                {
                    "Source": "PDBBIND",
                    "Affinity": "Ki = 50 nM"
                }
            ],
            "Molecular Weight": 381.28,
            "Residue ID": 263,
            "PDB ID": "3N0N"
        },
        {
            "Ligand ID": "RZ1",
            "Chain": "B",
            "Binding Affinity": [
                {
                    "Source": "BINDINGMOAD",
                    "Affinity": "Kd = 1.8 nM"
                },
                {
                    "Source": "PDBBIND",
                    "Affinity": "Kd = 1.8 nM"
                }
            ],
            "Molecular Weight": 432.26,
            "Residue ID": 1,
            "PDB ID": "3RZ1"
        },
        {
            "Ligand ID": "E27",
            "Chain": "A",
            "Binding Affinity": [
                {
                    "Source": "BINDINGMOAD",
                    "Affinity": "Kd = 30 nM"
                },
                {
                    "Source": "PDBBIND",
                    "Affinity": "Kd = 30 nM"
                }
            ],
            "Molecular Weight": 432.9,
            "Residue ID": 266,
            "PDB ID": "3MYQ"
        },
        {
            "Ligand ID": "E38",
            "Chain": "A",
            "Binding Affinity": [
                {
                    "Source": "BINDINGMOAD",
                    "Affinity": "Kd = 60 nM"
                },
                {
                    "Source": "PDBBIND",
                    "Affinity": "Kd = 60 nM"
                }
            ],
            "Molecular Weight": 460.75,
            "Residue ID": 265,
            "PDB ID": "3M96"
        }
    ],
    "Substructure Relationships": [
        [
            "OY0"
        ],
        [
            "TUO"
        ],
        [
            "AYX"
        ],
        [
            "D9H"
        ],
        [
            "IE2"
        ],
        [
            "J43"
        ],
        [
            "4J8",
            "1GD"
        ],
        [
            "4J8",
            "I7C"
        ],
        [
            "4J8",
            "J90"
        ],
        [
            "4J8",
            "J71"
        ],
        [
            "4J8",
            "JDR"
        ],
        [
            "4J8",
            "4JC",
            "J74"
        ],
        [
            "4J8",
            "4JC",
            "E90",
            "E1F",
            "E1E"
        ],
        [
            "4J8",
            "RYV",
            "RYY",
            "RYX"
        ],
        [
            "4J8",
            "RYV",
            "RYY",
            "RZ0",
            "RZ5",
            "RZ1"
        ],
        [
            "4J8",
            "5RD",
            "RZ0",
            "RZ5",
            "RZ1"
        ],
        [
            "4J8",
            "FSB",
            "F2B"
        ],
        [
            "FBV",
            "FBT",
            "V13"
        ],
        [
            "FBV",
            "FBT",
            "D02"
        ],
        [
            "FBV",
            "FBT",
            "V50"
        ],
        [
            "FBW",
            "5UM"
        ],
        [
            "FBW",
            "FBU",
            "V13"
        ],
        [
            "FBW",
            "FBU",
            "D02"
        ],
        [
            "FBW",
            "FBU",
            "V50"
        ],
        [
            "FB1",
            "E02"
        ],
        [
            "FB1",
            "BL1"
        ],
        [
            "FB1",
            "E49"
        ],
        [
            "FB1",
            "E50"
        ],
        [
            "FB1",
            "E27"
        ],
        [
            "FB1",
            "E38"
        ],
        [
            "FB1",
            "E1F",
            "E1E"
        ],
        [
            "WWZ",
            "P9B"
        ]
    ],
    "Summary: {
        "UniProt Accession": "P00918",
        "Fragment SMILES": "c1ccc(cc1)S(=O)(=O)N",
        "Number of Ligands": 43,
        "UniProt Name": "Carbonic anhydrase 2",
        "Fragment Name": "benzenesulfonamide",
        "Fragment ID": "FB2"
    }
}